cookie_id,score
ck_315fb710a0e371e7,0.0009373322837507511
ck_a76ee3b3e3e522fd,0.037400302418530026
ck_94c9a4d382689e82,0.03897831581029021
ck_8eaf9509ad9462a0,0.001351375207686417
ck_9a88a5a989cb5bc6,0.0091903398844233
ck_15239ef0689c1a35,0.00483725957895871
ck_8de69cd219d3b87f,0.6786775449118643
ck_f92cd37022b0ce21,0.009010747872253455
ck_1a3ff7620580a514,0.001677090389871294
ck_397c03aa33a57310,0.04032069524797138
ck_a7cf6c3b322f6b7a,0.006474284868680183
ck_c39a9e75760e3201,0.0030762329286538057
ck_88ab6d245228c38e,0.000308512687871205
ck_17733f75ebdea93e,0.0018365295636645347
ck_58eb871e8d7bed52,0.07875054163275196
ck_e55b7fa67db1ec27,0.0004700829095325971
ck_62f5cfe22c952694,0.0026092981560311324
ck_7fbb709a0fe95759,0.0010563962755804237
ck_87abe9cd066a20fb,0.004774803531981637
ck_d58e058b5c553dd5,0.00341953175427527
ck_d27b872648b71202,0.007041077801044826
ck_4b4a3c5b95c55b43,0.0004100179724779248
ck_66dd4f4b4127256d,0.0021091650362570664
ck_93cc12703b500613,0.13849322624342192
ck_d28806a2179092eb,0.9930989395662688
ck_0595c2a0c7881e05,0.005775793140292635
ck_50087d8666191144,0.18458289612015588
ck_b08b3f089138c901,0.02829589583635761
ck_fe3b67041dad2dd1,0.0006182653648979457
ck_8449a28f7d475d93,0.0210256053016434
ck_8642e3b6d84f49d3,0.0045859389477083245
ck_e49b5e4f2f2e79db,0.19516606563797217
ck_437afe412ea4259c,0.04110781570688548
ck_569b83668d74042d,0.9542012451450684
ck_233a487d31c3e631,0.993798381031678
ck_1fca72e03143a645,0.9015705671159712
ck_79205e31223df2ad,0.009630419667355292
ck_9625a64406ea16e3,0.003600297930698256
ck_079bd18dacb704a8,0.08444111999260734
ck_4db6d4fd2b49aa81,0.02877658026672107
ck_0dbefdac0a1868fb,0.002290321542567509
ck_24ff97ad90bdd69a,0.10986742375130683
ck_77f8c5042065d506,0.0024945531462294184
ck_f11be8ce05382cec,0.0011490460865010833
ck_c9d72140b0389216,0.007396572317108757
ck_69eda24e931fb36a,0.0008128720039343026
ck_ed471e496916ee15,0.0007765064843805852
ck_ff090498c4b17ac3,0.04753144267694408
ck_c3c19d6a0720915c,0.0005022099783719306
ck_af02e1817cfa40b5,0.010738902527892854
ck_2df5a9fc87553eb1,0.0025711274001297265
ck_4ac918e884cff336,0.02079098227493749
ck_ca149244b54ef3ad,0.00016526334347881315
ck_6babe5b8674ff51f,0.008929223021482184
ck_1573878386886290,0.0027346382559746522
ck_3925f8565abb7fe4,0.0036320894121118935
ck_c4de808ae69c771f,0.001984053535919666
ck_a777c813551281fe,0.0006728420690238792
ck_df4424f6dd85080d,0.020122826179521346
ck_85e5494ec20383ae,0.029460814579906413
ck_f71a4094e889c3af,0.0031297515023436364
ck_f2f3cf9cd23b2809,0.014192399340391204
ck_18e2076397bcc211,0.01235093443884323
ck_c9f9fddef39bc664,0.010711202345303369
ck_7e826e233d6ea028,0.0015210149172033098
ck_62fd7eb46bee9210,0.006282140482608367
ck_206f8e3cd72768f3,0.023182214287825915
ck_aa295a11b0a6ab36,0.012740561607172424
ck_9a56739d81f84a53,0.0024912134244243337
ck_aa075c418ed9fe5a,0.0056945208449031195
ck_62b9fb3db284941b,0.002866333766144053
ck_f4f83b1403ebea46,0.014077267139277696
ck_16b66bd803288bc3,0.4682459289155553
ck_c4ca1434f3778f1d,0.9934661616585887
ck_1b823610371a29c0,0.0049028524140392995
ck_c2bd5a722aa637d9,0.008662202000523051
ck_7890208951df34f0,0.013566873816771163
ck_020eb0e454524ecd,0.001200784982615647
ck_3b66196ccf436c35,0.006810957056329771
ck_109fc467ec0a4af5,0.03509811984436389
ck_f3dcd818db92de7b,0.010711577118890788
ck_31e7742f160980ef,0.007325320916025582
ck_77fce5f86f00b8f4,0.2836718369824719
ck_46bc797b4d07d607,0.0017474636767521167
ck_37899b1b571b1c6b,0.03723854899972921
ck_ef8a6af43fedd464,0.0009958672170908805
ck_bcc8519fe8521038,0.01529461292334205
ck_90696b7182dd9129,0.00630112636118649
ck_4a24ad61d017e1ba,0.00777066160823472
ck_0acc3d8c67218b9d,0.003617492755998773
ck_05c97fc9de11aba6,0.49929882574139306
ck_f8ac3a0500c0ec62,0.022412977594020396
ck_617b65141f546a1c,0.003403214095743157
ck_9d00823bf60388d7,0.008920648313429005
ck_123c15d93f1840f2,0.14019208262647398
ck_573feefba6bf78bb,0.038408834470559636
ck_b25657bd16739036,0.011397191448209644
ck_bd26d2bef14a8597,0.0030747981236298873
ck_a553418f2fba1440,0.010798724429717067
ck_89f3e380b0686963,0.004659420616743625
ck_b359192aa659bdce,0.005760458298027644
ck_02241f3dc301bebf,0.010569300491101587
ck_5ccc1a1c78cb33ee,0.01452987979846077
ck_349cc5edda1b8853,0.03569687433372431
ck_e9f228845bf6e28b,0.15795613754941948
ck_0a45d033d4e280ea,0.005300595582357075
ck_7e63168dda612235,0.0014137222124203915
ck_676fa5f6aae5475b,0.0021797957385929186
ck_74b502b20690ccfe,0.0028373378225760963
ck_073509af21dd7f5f,0.927900825349836
ck_498a0acd450944d8,0.0012415669194743046
ck_7f15b50b29dead01,0.005121403919727622
ck_8089fe7403c5f537,0.009692765830707353
ck_05b2b04e11d9ae9c,0.020798811221216247
ck_31e70f2f04b48b88,0.0006612948941654804
ck_994316fa5a02b319,0.00042624975958878636
ck_b76510998b9a2260,0.0076168290446877816
ck_4db95c310e105d30,0.0018253825021675503
ck_6f730b77dc6cdb84,0.0036612700542531886
ck_2493ee8e7b91d304,0.026475987007943326
ck_92d679d6ac7dcdcb,0.11009709158435274
ck_3a0e0200cbb185cb,0.006995122026653729
ck_0b2eeb4e00ff7955,0.009255056797141389
ck_9843d0e61c37ebe8,0.9943662313659128
ck_e61c8721e3ef1921,0.00397928471194859
ck_2e0eedaaf2980c2c,0.002559365376962169
ck_9036b2e5e9298a34,0.0044302103414997985
ck_3265442528d51728,0.08257923987742495
ck_f2ddae2eb1cb29b4,0.003315711384303476
ck_6cfa71d27fc27f92,0.012972070928143042
ck_f3199fbe84a28b9a,0.007182492420052322
ck_b78d785ca3ef773a,0.0020265409238631503
ck_374865697f1480eb,0.05602907672418493
ck_06d0e4a9189302a9,0.011578736206959421
ck_9c9884b9bcaa552e,0.4133139468644334
ck_fd4cf578e87703ff,0.008580260237242936
ck_1917ef3e6e345549,0.07834321594225149
ck_e70418b00cbbbac9,0.012292064080144754
ck_a60388296a47062c,0.011610067643190496
ck_d598fe8d2c779ab9,0.011585169850681597
ck_646dc03de4c31803,0.8477006130438518
ck_e4fd8cbd842b6993,0.0004972318254135636
ck_2225b555aa2a42ed,0.03125137094573405
ck_6be8ae9d78148882,0.0023227672429201496
ck_4199342d3aca74e8,0.02840491439804519
ck_779581adb573261f,0.01165546635143783
ck_bb303568b6915205,0.06720445645700476
ck_17c4296276448afe,0.0029862325433146486
ck_a60a61ac829252a0,0.0056500537676379145
ck_6ea70950c1cae00b,0.8707341403474371
ck_1abb93f6924645e1,0.019382420089865144
ck_faab769cce19879a,0.1019693788864664
ck_d5b8e74e7ca6355a,0.014607527407650622
ck_f11f7691af16ad07,0.00065332767984151
ck_188fdf2be7c92e9d,0.99628057382987
ck_4a103f8254b366f7,0.0032375082160282565
ck_bfa17a0b1760e616,0.0019580421349021057
ck_a4d7f6a5869d440a,0.9551113591943403
ck_58e20f5a3e7f11b8,0.720472956686297
ck_4becdd3d2696c7ba,0.001087815994048886
ck_dad5cf32ab9f243f,0.0021449071166327145
ck_7d9f73dc7c4f90c3,0.06497235621152478
ck_c19371047a2d011d,0.0016549593754441225
ck_247589ff532f7aa8,0.0026018471528184437
ck_7a9f241d5f082567,0.00071193939823738
ck_0a2b7078736b4dda,0.00255987760118457
ck_687b412e2aac7eb6,0.020450077627375766
ck_fce0b6855886a0b8,0.005476336960819676
ck_e291cc60920456d0,0.7159734034680543
ck_04219a7ea798db51,0.015322700616954699
ck_286bfd719836e9f3,0.29913380028042014
ck_55efc92394fee232,0.009272297529065244
ck_e36c8da1bd359960,0.017588400654504465
ck_34b0988a97d96902,0.004379901307726235
ck_e0fb11fc9dcb34e6,0.012497665833530616
ck_bcc9cbc9ed8b7c31,0.0075238152186274275
ck_3df8da6f60a89a5b,0.021833075981214606
ck_b1495ee5c59a6b28,0.009564581233706702
ck_58f4c3ac61fda129,0.033549998979729795
ck_735f244b99e3aa8d,0.0054462889738953356
ck_6b93bd8abf87b1d6,0.9831694992235397
ck_12107dacc6d05bd1,0.001037879944686761
ck_f96db2a1f3448d1f,0.004835028975009271
ck_8fd91a3c99e19097,0.016046511740179258
ck_910205d25388a0ae,0.0008858329657558488
ck_d229dfa0e4442628,0.0006467869494186227
ck_7cdec61e1c488798,0.020783270847357923
ck_f66f06e24ff32671,0.006272445178110778
ck_350bf14e90b503f5,0.012649280033041426
ck_61fff5fdaadd394b,0.0012726068706094297
ck_e934f984bad2ff91,0.8659985192292717
ck_ff6a6d3547dd2d37,0.02279936754210788
ck_65ad9b15979e3247,0.007985764571941395
ck_bbe1a2ea5a403ad8,0.71373325108745
ck_6f3a28eecd2c4031,0.005040686309348924
ck_a89b66665714058f,0.005954449725941143
ck_918c92182b6817cd,0.009838943880856125
ck_64f5eb4be9e7b8fa,0.8197286811760434
ck_d021fd497ea35fb2,0.004235862728425415
ck_004de16f7d8a42ae,0.004998843365686895
ck_a33d2325f86ab12d,0.002124706778473688
ck_89790ff26c844bc6,0.008960381632223305
ck_e6e7257377c37b28,0.09276394142618735
ck_a2cc3910a641a808,0.3754908930526114
ck_646e270e0195bf05,0.002500686393111243
ck_baba5d66def0d770,0.2581457357403772
ck_67cdcdda3033842d,0.16914108203039763
ck_b5c3075c811a2216,0.04398684940109158
ck_515379973a8044b8,0.002118433980834369
ck_c0ce85fb4109567d,0.013295790684992731
ck_fef850553862aaca,0.0015483608200787663
ck_55d7217b0aff9fa2,0.0038155594515046527
ck_8e139f8925ef7968,0.004201090170691738
ck_9e35b908fca1e4d7,0.0011384723001446563
ck_59735f4ab2ad3da5,0.02149124785129753
ck_dc569c1167ccec0d,0.9546839546209576
ck_1dade5592f90a15c,0.020493677796651927
ck_793048d11fb8b328,0.35908102538173026
ck_545b71eb4fa594b5,0.001439428979522844
ck_bd30853e9a57b544,0.012613362452890164
ck_59f46321ecf6d306,0.0042208287895813094
ck_260cfe9141d249f1,0.19481117869219688
ck_3365a0ad1a8aa83c,0.0027298072534133956
ck_b0ef193195a2138b,0.005477073666213883
ck_0f909705e2e60f2f,0.0019326632030833735
ck_5a540b75c866166a,0.014317779384080331
ck_87c26b2f41025109,0.9947143806368274
ck_27acc9f320cda104,0.027236598906368405
ck_a27bc31eecd9cb9a,0.00882810892782786
ck_115d86fabde77b65,0.0007995332301988566
ck_eeca179341d56f8a,0.8368616183661185
ck_8e5999c436cf037e,0.0021757874765333048
ck_510e7c5df1f95d90,0.9948533008093664
ck_f1acf73363925958,0.009386968075481183
ck_3c177f5970b68bd3,0.0042489393068291595
ck_9cdfaa1c30cc9d32,0.0007189734100199892
ck_c8efa1538b37c359,0.01172453069481103
ck_a8a2e296f9804bd7,0.03332305813607212
ck_91a0ca45f429568d,0.012664683263984622
ck_5fdf8a0bdbd3ed62,0.022404362162168893
ck_0f4e2ec66d50da5f,0.002830674926878813
ck_28c53b214b2ee882,0.04750085044542141
ck_003148504557f720,0.10462195890271972
ck_01d840cffb870615,0.40409447832703577
ck_555848d51f4b5f35,0.008094933763736694
ck_df20cc23b8fb8e22,0.0068002916325972775
ck_f9604adde929beff,0.0020427037003128137
ck_d66952b03591bdec,0.002984530185250886
ck_ddcac1ab765ff61a,0.009831553648189637
ck_347386629d96c664,0.009666762210842242
ck_ab01db9117acfe3d,0.005989365698051171
ck_58e5359efc52e0ad,0.0023908744013150783
ck_1a524b5cc8da71b3,0.06031783510695761
ck_e9287b6d909d731f,0.0006704261356085135
ck_bb41a66e3d90263b,0.3631437658908339
ck_e95c8cc1864bd584,0.0009660616680834562
ck_7a3f2961e9a8b6dc,0.00620240434990739
ck_378a9df82b1e0bee,0.05422910326682413
ck_42633573639a3f02,0.9930179329600939
ck_2a5a4c18c2c7274b,0.004219894609258209
ck_77549c1a41f837c3,0.01107871365691549
ck_a26704b5b26258b7,0.0022672993003743347
ck_9874ad160efddf50,0.0031940645962180913
ck_9111e3a04b14dfba,0.04248634720377756
ck_651e076ee43aea85,0.00232092987625723
ck_391639c0f13932f3,0.0006068620237849235
ck_02dbabda93c8c13d,0.03515149891602936
ck_0adcb1fffcb0a34b,0.008170112662632487
ck_7a43ef9c7b1c67b5,0.001099748474593118
ck_4b9dd69946438d0b,0.002979147462555602
ck_90bf017cdd37b66e,0.028248818754227124
ck_61c74163eb36556e,0.004578938403472547
ck_13376c59b5bd6943,0.0014199508029404642
ck_62337eccb1672737,0.0015529208264104819
ck_16077934338472bf,0.0013932921048546744
ck_0d4dfd93086e7330,0.005396302278749701
ck_3865b7525b910893,0.011898751409347118
ck_7e2ae8b69ebd5675,0.005312580714718138
ck_b4384b6c11766ce7,0.0032262123527122466
ck_3d7fa32dfb9fc692,0.034595498663781823
ck_f4a6a7cadd6e0603,0.0386485432552126
ck_212525e2828a6c45,0.0013901356507311723
ck_33ad8d53394ba77a,0.8126313368930009
ck_a5051eafe8b51224,0.00942421388971578
ck_f65e5ff7da565f91,0.005281486741454124
ck_5c37f7563fa7591d,0.0045436269939202415
ck_f1e0a006068aff29,0.01301190997698913
ck_c646cdead6fb79d0,0.002240499119332668
ck_f8b3cdffef535330,0.02115706578717609
ck_e5cdbe3aa12c97f6,0.0022919351229275025
ck_986e4e61440506d0,0.3770968738140113
ck_6da9c5912e15d9a8,0.0007451931898133262
ck_51d842e6dae74c71,0.005811120985645812
ck_5fc65c24e0736d5d,0.9929065901666082
ck_babb95a76c69509d,0.015205524855880864
ck_86a2d852a9715432,0.10681476795710838
ck_db4083a0d043def8,0.06050979703059166
ck_96953b8945b7d403,0.002903653333315939
ck_7831ca5c31fb3859,0.03868861399021787
ck_60ac5e5f375daa38,0.007411808177149498
ck_05d44eb1f5f085ce,0.011572391407112165
ck_432cc19c7eeaa46e,0.015282911145812709
ck_7fc513033af061af,0.010084045513347465
ck_ada6ede84c111719,0.00318486682126773
ck_6343e0d3b1c2962b,0.006284423635224889
ck_010264ae04f2e902,0.0843919342519749
ck_e9dcf535f8c289eb,0.01731495684909439
ck_37143d9cc296e6fa,0.002996127796544814
ck_61fa051192f3e810,0.007258677200657269
ck_f9f93d1d41be1468,0.8242619104413969
ck_c4f4f28457be8a74,0.0008482466813145519
ck_323a71f9452d21cb,0.945786304848298
ck_170f4688e0acd875,0.0542524150420177
ck_869b1878d09d230d,0.1569866095591073
ck_2f6b33bf46976229,0.0020970218502553853
ck_b11e22e75d9b99de,0.0007761011664000221
ck_123d75ffb75b606d,0.0038730937966469188
ck_94295287a04c85d2,0.05507936689938716
ck_1b0434f096795328,0.0008113731268475637
ck_0a4e191cd0a57ce1,0.0015753202914666358
ck_d2fbd0df99634676,0.005186538030966742
ck_d51df5e9fbbbcc94,0.015186929157810256
ck_2d3d7d64a6f443f8,0.004719830438497992
ck_731943c682c9394e,0.02636987916525277
ck_5ccc0c94e5e1f849,0.011194415459529903
ck_c3476080516db25d,0.015038077961349478
ck_5010ffb1c94187b5,0.0018733320957869237
ck_7ef666d67bc70223,0.009907209237032583
ck_c1b493527224a27a,0.003922936254299682
ck_5d1e25d7acc5af9a,0.010198770167991183
ck_ec30b61cbf517db8,0.001529149944852264
ck_79323eb5d2e5efae,0.0018380030234731194
ck_4085cd3bf2661518,0.006074519410903715
ck_2ca91214c357c072,0.10728414416851972
ck_7f3132d6be389657,0.04468339902602629
ck_e7a6b925c8f39a85,0.003665931241525191
ck_c886adec7bac250a,0.007641310459774049
ck_c3f360c2d0ea0a37,0.004240317690593435
ck_a7acd5b015823793,0.006456049678911041
ck_9d64187c0800f84e,0.015190685175521256
ck_5d4ed73b9efd7d11,0.004503043583928891
ck_874eca6776b34dec,0.000600550025412289
ck_96a9221a87be93c3,0.02010206435253034
ck_68dd79a51eabf5e6,0.0298912462295939
ck_8311cb6755b2016c,0.0003992721572817157
ck_16fc77b2bcf5ec03,0.9791392338917699
ck_ad9e2088a33c8c72,0.000258478065012082
ck_7176bbc97b1e42a1,0.01617861956354088
ck_80dfa54b30f65fff,0.9085937696212699
ck_31c54d540b128843,0.0022285239030330607
ck_43ea894480567274,0.010652970214655506
ck_9c9e8a38bd5a6c88,0.008419032564473464
ck_1c2dcae19539e148,0.05060349854502938
ck_b0fa8b84e94d8ae0,0.004361321799704232
ck_4ceb43ccd0a81c2f,0.006111281986265536
ck_ba845332b730b596,0.0016550598927500763
ck_73d3e8c6077f61e6,0.039442644823886326
ck_b5d0d223ef56473f,0.01436566090917433
ck_949f08f8e80e93ea,0.002553212942075844
ck_73de0b49709e5f8c,0.008251681458545351
ck_b5935e9722a39819,0.05416998003526215
ck_96247fee0eb44420,0.004565837085608556
ck_a6def1e4b2d57e0d,0.036104916910726016
ck_aecdc5a96321a2d8,0.014967513416760298
ck_bc61c59970f8de49,0.024498673254790618
ck_c43b4175fc9ac5bd,0.9028523370238183
ck_8ff7a9b23a55fd62,0.004136407297768915
ck_20c99b645f462449,0.003613717182960189
ck_a5ce2ae36fb410d9,0.0009226517903323427
ck_96fb9bf556842bbc,0.011237495795106956
ck_b5e4c6dbbed1b773,0.027319181657232617
ck_2085433978e72ea9,0.02606622717582291
ck_2c6b174b063ec637,0.003924927869818034
ck_b20b81b88dabe28d,0.001156633254477217
ck_243c18dbf150831c,0.0019510358396564406
ck_2bb6a17e8eee35cc,0.029931398913288866
ck_66147fb994495396,0.05437099945002403
ck_73f124f075ede0fc,0.009230929905015981
ck_2e315f1b1e533dab,0.0020175096775205048
ck_16c7bf94ed3e7a6f,0.0013700692172242662
ck_4a0eae220a762ac5,0.008464987431469617
ck_dc16f939c2f44ad8,0.10192258644110515
ck_817926b449754917,0.0028215289411354016
ck_0c0dde42ab64ef87,0.007861060420715691
ck_cb3a40594da6a2ee,0.060993564092539455
ck_d0dc156441fcfdcb,0.10822439534641462
ck_66f0945add423e9e,0.004021664190975004
ck_a74f6a3030f5d495,0.026049601694712227
ck_1ae460f331e49ae2,0.009634740254609244
ck_2d177b2f4f0b40c9,0.060744060095685025
ck_92e474e4368c4791,0.024291351253601552
ck_3dee83fa2d109484,0.0014641158022159334
ck_80e5ea27848069fe,0.005614147427452539
ck_ed0c4a83701ca230,0.006244129972116157
ck_0b8b7c5c581fd161,0.00042983000015200885
ck_60bf8a2870956fb1,0.004245308713478727
ck_73a54b56a2bf35fe,0.837794162771964
ck_2296d7a563424883,0.004707046015639387
ck_bc19c383560c7477,0.030464308650813593
ck_861d8e3d88f1079e,0.020933487305820668
ck_3f090fc96c24eb28,0.0013832133709356857
ck_9a6a1f8102febfca,0.02001194786827289
ck_541b6ad5d2fa5a39,0.010255809286733667
ck_a760d38d1bc4de97,0.002233884580620393
ck_7dca4d7ee10b4eeb,0.0013931242329778646
ck_15220e78d1545e40,0.005398001459745906
ck_ca24bb0de508efb0,0.006722722376584394
ck_56b389627d8f02c5,0.9834737759857866
ck_48a6754977a44db0,0.003736502037484049
ck_333a43ec339a04cb,0.02964583566037616
ck_f22aacaf86a65d7e,0.023071139720198308
ck_04bd8a1ffaf3ffd8,0.0012473618584332162
ck_2737a72de6b700f3,0.03163048401376502
ck_c35e03b0dd0c3454,0.007608555895725069
ck_e0571312f395cd94,0.007571404400305152
ck_09fab6b9825001b2,0.0034875938335143506
ck_18c3a095606209e8,0.009320901710372892
ck_2a97db9377d01e36,0.0018498086721952234
ck_f29dbbfdd2786bd1,0.004717911085022
ck_35d6c510ad29362e,0.6919494568137197
ck_5468fa99c945d785,0.007179713859385521
ck_6f8102f62c876cc9,0.018740227444165675
ck_91955aab3424ad16,0.0014317197881132315
ck_9a43c0c73a39d759,0.012841962530034542
ck_60b023af6d1e30bf,0.7452761738534328
ck_9704c5cf8659cedc,0.022734572143064635
ck_7e5f02b51b9f78bf,0.12672338660610866
ck_7d3a88d1aa649708,0.8477422176954068
ck_8250eddc1ecb07a0,0.03501493991327754
ck_d979ef95ee44023d,0.012777593577178248
ck_5e5461dac83531ac,0.004790197510852044
ck_d1bb8890081e0a31,0.011235861367190856
ck_32246c62640648d9,0.0004593038178400578
ck_77a40c7d2f862a32,0.008379317503131315
ck_1c8b94efe9238f5b,0.0008615232668264698
ck_eaf3b6d11bc3cb11,0.0008959441213503264
ck_a4a7ef3ad799c380,0.002977329079999056
ck_d5bd8f68da073cd8,0.004409276433617314
ck_6e6258227fc8db7f,0.0010902693199829133
ck_c35d444e05799db6,0.013561314086777673
ck_74665e1209140ae8,0.013140841464572322
ck_353a272478f7e903,0.0014815456962362632
ck_a2c9796ea229a4e2,0.003854890944557232
ck_e0171f91cb3411fe,0.009556953750953091
ck_703499f5410280f7,0.0010704882015842208
ck_ae3a763997f8f385,0.014394317010061105
ck_f7ff94c3df5ac874,0.018702352851163204
ck_f3c16d8f747db046,0.052434240212824314
ck_7ef019ed77276496,0.0013357520169340973
ck_d6a4faadab58a3de,0.0041872818661897425
ck_ba7b78d31d74c794,0.008023214707006874
ck_36287d063350ce9d,0.005568274303037926
ck_5177fc7137ff26ce,0.002155714521119949
ck_dfd4e79aaa967b63,0.0045325019656894325
ck_fb44d15fb93a7157,0.008455676024051745
ck_fca478361870a4ca,0.004559669911856341
ck_e57b94fe57341058,0.010977175662248527
ck_5448c946cc4758fe,0.004818685089573184
ck_c5ece5ffb8800ad4,0.006722293644215902
ck_11cb98211b2ed134,0.848449099715914
ck_f655399ac75c4450,0.004828600893493123
ck_c817259019588d30,0.005292440825844938
ck_8740a14d8096c6e1,0.007707882427033783
ck_0c5ba86f4e05b38d,0.03507875995304717
ck_ccc917533d4b73d4,0.006406578639111758
ck_9eb80edfa43203de,0.005536021149904644
ck_d1a1cf4cf61d6801,0.02690744743211699
ck_b17c239f160e6017,0.003948071874160928
ck_410c3e13b48e0415,0.0009316829906923119
ck_ab553954435e8854,0.8933677346665579
ck_bdbb4230c91e1604,0.017609371280769583
ck_8fd4937eadd64fb6,0.003066854705128204
ck_e0e90b196bef3c11,0.0007578451827105874
ck_3dc4d464386f0eb2,0.0350851136900407
ck_51bbbf8f8e8ad005,0.9974368091226842
ck_c05737ab74cf03c6,0.16067483534277252
ck_dceabbe04d99afc2,0.0011395251553983654
ck_5b86fd14e85bc9c7,0.6532447228964415
ck_d4febf0083800424,0.011923025991907069
ck_77d9f86dcf251739,0.0035395249251057815
ck_b4dcebc543deaafb,0.00842688513440264
ck_cb856e75c949b0cc,0.0006026388547089492
ck_61b067de8ffc1ca1,0.023475512171479956
ck_c0e8560ccfd9dd9d,0.0009938270968815476
ck_173e1198c341087b,0.003309959693600612
ck_b4d55bc809000276,0.042231729088184386
ck_839bf139296b5cea,0.028586709995429904
ck_78cd402a2a4f2e35,0.001514274568490208
ck_c2925c50ebacbdba,0.0007325508406453181
ck_5e3bc76eddbdb0a6,0.0012340099174972439
ck_b7793edca26fc512,0.008078156014565425
ck_d79bdf04d6f31cd5,0.0032166642648649123
ck_4b97d19ed946f503,0.016372500836443083
ck_37139b41c5370523,0.1976977933970958
ck_8c346eeefa9ce692,0.006555406314829067
ck_2ab7eddee2d8c49e,0.0012909485963679527
ck_29da59ea3bffb9d8,0.05358224800801207
ck_c1d05ef0ec6e4be7,0.0030418889721516183
ck_3882423b449f6291,0.9518119554475499
ck_5647030283171ed5,0.5209968252844901
ck_efbdcd9c181e72ca,0.0022695659182704856
ck_192fdad892782daf,0.03713156945955491
ck_0bf2e13b9f2601ac,0.02245440220274919
ck_3d6046a533057795,0.0011945759987225329
ck_279a1d3a3836e5cc,0.015244016906772467
ck_c375e929becde422,0.004571261109397012
ck_a59e90219939a1f0,0.0005913438087857936
ck_4e9fba1ec54c3ff8,0.0054548718893475834
ck_bcbd8588a13f5eef,0.000544982616402413
ck_5f9a7ff990341bdd,0.0033160002707764667
ck_e0403d507519b7d2,0.00577397092926858
ck_c9490cb61aff5112,0.016784424226097522
ck_41dd44308e6a665a,0.1267415739075493
ck_76c23726cd7ca947,0.006295790142592232
ck_9be551300209fa83,0.709087487151217
ck_a98848eec6c9581e,0.01049673410153224
ck_61176dafb33b2d8a,0.8729283027674093
ck_92de019e05971ce3,0.0012292123453531893
ck_5d644224135d7c65,0.02492808715725817
ck_c767fc454fa215d0,0.012392002703871065
ck_5df85a8924e11f27,0.009851497178401837
ck_da2729307af06ed5,0.02067790983859425
ck_7c6b577174af7a78,0.001960880845643424
ck_893b8afbe11301e1,0.0017384404797739742
ck_e06f6fed020ae014,0.0041815424471471
ck_386680372fb54857,0.0033063470856975474
ck_7a7f3c4fe0c9d2ca,0.0013976776580405018
ck_f908b527c4db422d,0.023867262917498404
ck_ec2eee6a133e9a6f,0.05143824463300699
ck_d98934f9fe0b02b3,0.0007830855425776304
ck_398a1ed77b0130e5,0.0029669818178086754
ck_d960af7a55b892b1,0.005716481615890079
ck_4637e54a9f79e2e7,0.0014173998935779748
ck_02b9f418524f6650,0.00796766416426728
ck_d4b23804cebb045d,0.009297267783657808
ck_35b1939c48182a9a,0.007761247929206361
ck_2dcbb71e39d64305,0.00827087184546372
ck_47a884dec960ff2d,0.0015725448792900624
ck_71fd8c346fde5cca,0.017701905974641767
ck_98e1992ac8e7d2de,0.06433213070348445
ck_ae7780327e210522,0.005503918302959504
ck_e6c584b4b1ad6d9d,0.0036831364295244703
ck_344b2e326a6c3dcc,0.0019756915441492737
ck_9aa899a5230b0963,0.005763646498648239
ck_e48d14d5b70ef5aa,0.018659714341901296
ck_59d380a0973b3951,0.01290044111289702
ck_11318f7c041a5ba9,0.002467023309689239
ck_7061786fe2f22f5a,0.024138112156265205
ck_e77529651c416cf7,0.013806402653352479
ck_7f79878197340435,0.0017068200808934484
ck_b0a0fb0ee9ebf106,0.005832653158078872
ck_70c7679199776a90,0.0032441760883930456
ck_b9facd2210daca5c,0.03845482883748722
ck_9949f53c155b8dde,0.008711662929868122
ck_1c607e24f2c4397a,0.029863432071362418
ck_aefd1ce3ce093cbd,0.0008267314336376983
ck_5a29b7018e43280c,0.0005174100794211451
ck_69eb0b2ccfbe5f95,0.01815398574965883
ck_fe037765aa465c58,0.0030099823806129283
ck_5e512ef5362a3dd6,0.0025117438668781277
ck_544a9e80b7fdc279,0.0014104672917557822
ck_7825494e654d5695,0.02111739263592016
ck_f1f2c3c623553f0d,0.001882544196154456
ck_52730906e5b461eb,0.7499235914330048
ck_01e0689157fe9617,0.7883646492985235
ck_9da82e567074da9d,0.006426561358904119
ck_6a17384072f904c0,0.004102030694442841
ck_8d84d771a21942a7,0.0008989141322348383
ck_39638880292782a7,0.007147138272066861
ck_7d51c86e0eec72ac,0.011543845942925393
ck_45f4c821c70d134f,0.4819957208032294
ck_0af3c13ba56ce57c,0.0015238500133054628
ck_0789a05e061b2784,0.12232412736472975
ck_6ba091eb42ffa9fb,0.15002390814338296
ck_265accb3c5c32620,0.05447621443788009
ck_179039559ff7566c,0.013565863910379325
ck_17c0a6a92b5765cf,0.004865073587901099
ck_59371c9140239fd7,0.008687742256594825
ck_f9c4f8b4ce2691f0,0.0071147791234930325
ck_a2637e4872cf4811,0.03890601507679635
ck_1de43fd6c6c22a5f,0.1441400135115015
ck_6e4f31bd108571f0,0.0008386677543756252
ck_da06d97db0b18851,0.0007432114150963023
ck_e0346d5081e640e8,0.035023886962959425
ck_c1c7d4e62c9fcded,0.02594439036791803
ck_2595669e421299f6,0.009952854129608068
ck_3b6057d51fd4c7d6,0.004363332901400197
ck_c5f8ab515840a0fe,0.00741744016196022
ck_435cb24538c6f77c,0.02313054678574796
ck_d84b5403da4cea7b,0.010977727319866671
ck_c2b61a98d1c8f6dd,0.8088529776144192
ck_c9dcd92b2f836b61,0.022494461620110064
ck_9eb5b3f5f672c2b1,0.001496338512006181
ck_e4cf189a8d31649a,0.000535610432031025
ck_6b114f2a48152b96,0.003507957430339375
ck_3fb95862b70f505c,0.03035192997351068
ck_7f780f465c29398e,0.002923211652802255
ck_ee387f9da79e67ea,0.018857425100230408
ck_fa3b1e85d27af2ee,0.029856893576013576
ck_e739eaaa7a1822f2,0.034916477038319405
ck_dfa0ac11fcb1dabd,0.001144101123234363
ck_6e8751b571ea54d1,0.006205471450269558
ck_2d695f8358383092,0.01274214688658518
ck_e7dce27edb700f27,0.02586698656323262
ck_e322da8b213eab52,0.0004164437946774925
ck_d0b32e039abb8200,0.006279473937684482
ck_b354003302b272ca,0.0035501010872789375
ck_f7485cba392bc294,0.1372426090330382
ck_d6a290ff8362c7b9,0.14781960823551338
ck_c56a44fe315c0389,0.0030694032411257514
ck_f77dfe6512eae322,0.011612328368190209
ck_35fe969c58b9e70b,0.12316778542832037
ck_4c518637db2322d5,0.06336221602817686
ck_cb61902798ecc4fd,0.012735537529264235
ck_56e6cfa32156a916,0.000827445564734464
ck_343e6ed2b9d35c01,0.013635280249117188
ck_51440f64f7250ad7,0.015036109450358322
ck_295bca29c34cfe2e,0.009178225995482322
ck_dd30558576b45e7b,0.001878614344446335
ck_3a30132a57181fe3,0.012607454149469757
ck_4a733aeb833406f4,0.0032729694123919705
ck_1b0b7c3d35ab1259,0.04663380737423235
ck_962c3bbf27cd4b80,0.02906212191895388
ck_9528e1d6b1707870,0.008209785984511555
ck_b3263e7f31aab45f,0.008480097603455305
ck_e69195a3c885053d,0.0018158446238992344
ck_a907fa8795cd4baf,0.0012728247551431172
ck_205c3405045bd835,0.005133026774073282
ck_e81fc223bed3c46a,0.029958553313595225
ck_363751deae40edfb,0.059810268345375714
ck_6176baea8cbebbb6,0.0034220360845002343
ck_633e6579f5c74a5c,0.9399823132794755
ck_ddc11fc481eef58d,0.006978021169638764
ck_e975002c979e12c7,0.03616695791698164
ck_8e039b23acaaac00,0.025704928803071188
ck_1d6990d94a4d2ad6,0.009260897827823588
ck_e7b583acaa3171a2,0.13935093549267696
ck_c0133f60d39b2fb5,0.007318373295705194
ck_7d6bff85e7a694bc,0.0017726568560149617
ck_d305b4d82f63f647,0.0022969947630799127
ck_22bd0fc71f95e048,0.02332511782752988
ck_9a65fcfc7916f93f,0.0013927503113517503
ck_d61c837b0106085a,0.02214303571379775
ck_be86a1db08dea456,0.011531668704785027
ck_90489c405e6886d8,0.004722926843599798
ck_0add2c321d579d75,0.015200217412293363
ck_482dea6eed92cbbc,0.005279250048206
ck_c24b47184534cc2c,0.9469560265647441
ck_fa04ac31e596e7d6,0.03377331644189688
ck_084322dc5a3a86f0,0.0018884226106943506
ck_ccb72a33cc1877b7,0.007836650219694586
ck_afaf374009d3b248,0.013491885982989523
ck_b53084ffede19a8e,0.0005045524730041749
ck_4760216154c8cac2,0.38994486833291575
ck_37ad3a65db673e70,0.001109830376481408
ck_0c2932cc0d553694,0.0015244466080368666
ck_86b853c52f20fef5,0.002625129436402957
ck_38703b7546d35a80,0.007433298317720069
ck_218b7e6e6dbd2da0,0.0014165113094247222
ck_402db4184982fdf5,0.006613877313689414
ck_f917c82af80e4a79,0.01819813064396854
ck_3c6417a233c68c73,0.031197600698136103
ck_98068c397d70dd3a,0.008087585551364731
ck_b1cbd6679c0f8d95,0.0024914461885303515
ck_9e962f9bb0e7bac2,0.00503011968989505
ck_b08247c3ad567d92,0.3820545930852499
ck_3ef7a03ebb81cfe3,0.0007408092254467466
ck_5d7ae0e3562e99bf,0.03694601694161605
ck_c91a628236baf91b,0.05151537133354709
ck_7f8e816ca51755e3,0.9244674010731473
ck_5aadd286d188f5c3,0.003772921669205754
ck_a037aff5f8128c73,0.0014348634102933167
ck_5df6529ce8290906,0.008367915813705414
ck_5f3609511443e5a8,0.0006826286348420588
ck_a6f61864fac3c8fb,0.008648684773944332
ck_2733fc6ba23ae46e,0.013182459469904461
ck_22bfb9246646eb41,0.8966648355887585
ck_bfc2a57d8fd1610c,0.3018696388227758
ck_49839e761d0e74e9,0.0057588603974486775
ck_aa4ba931dd37481d,0.001805915137079888
ck_2f9fa0d61829f815,0.025545490721353765
ck_5b82c774df10d49b,0.0006836071369462741
ck_411219470d0a195c,0.01146603773267924
ck_d07485ba10514a2d,0.19957636697138242
ck_219bef979ee21bdf,0.001126151991660412
ck_eb1006e7285184a6,0.016346370098486086
ck_fd242b18575e3063,0.08493013702303301
ck_95188150ff059c70,0.0655968055857624
ck_a9ca2f447b984a6a,0.00934155398438072
ck_2dd39723c4088b64,0.002703399874227282
ck_aa2b4c662ff213b6,0.010604317896113394
ck_1867b1199c864db5,0.029070892866736576
ck_850ec97a5a0dab9a,0.0039323779364303394
ck_562320295fa35875,0.0015077193355394966
ck_bab5759b07fe2bea,0.0011627366860891995
ck_b9f1465d803e57b2,0.06568770396700745
ck_8f21f2690c32c691,0.05483236623147734
ck_df87d6f61a63eb21,0.004197005980549963
ck_770475876d0e7e6a,0.00583695555932777
ck_b4c014d5c0cc9eb2,0.002640300883020184
ck_3add4d23124c9290,0.002290311596355732
ck_bce5b7fecfb6264d,0.09540988286960599
ck_604c17cb97dc89be,0.05463298962133221
ck_e52cbcd9aafd26b2,0.003825428496219771
ck_0ac9114076f5bf3d,0.0037464513267091368
ck_dcc125b178b79566,0.00045996641928295213
ck_4e333c09f0c37dee,0.002190366733306204
ck_ff7e31ff8ba731e5,0.005876334273982819
ck_8d0532d24f1070d1,0.0013678692005936067
ck_3689fa41748a6f6b,0.09932699917760274
ck_7509eb97c1948b16,0.012461174739949146
ck_a9161cf1ca22a6bf,0.003102819914672542
ck_bed3e3db135b782e,0.07300874829735218
ck_9040edd974ef8e3f,0.5733632821335691
ck_fac32d76ed40f683,0.012369264222344523
ck_3d7b1078e2d57c69,0.001216816633023817
ck_dae09c4e074af5dd,0.009379430043060136
ck_fd84507228467b40,0.03201919965055938
ck_e2a2ce9b8cf44c63,0.004560761083430095
ck_cbe716f351d660d4,0.004628764536321671
ck_cba4162ef29a6d27,0.008688433028790802
ck_4f1e962ff8a29732,0.0017516167194343544
ck_39a81899dded61e4,0.0033110939435469916
ck_25382331551d22a5,0.017081074849126486
ck_6d64e1c07b19856e,0.008615733363502786
ck_165a868bdef28ad3,0.03144473582225725
ck_88774ae52e30e877,0.011730646375174961
ck_fc7a9d0643570053,0.0006683386844953002
ck_c2017120b3b88a46,0.007847010071685942
ck_d115ac6b9fd62a7e,0.007126324841438765
ck_439cf7d51ec7de0f,0.00620223252705159
ck_2468a7e9e68a0927,0.0018617124185113792
ck_7c418947124dee8f,0.05347785228234975
ck_fb0cf32c4a56f740,0.003132426731243902
ck_694eb6c43193afd4,0.0033694728015794804
ck_993beb188dd4abb6,0.003647441245696046
ck_77fa39d3b733c226,0.08888325889571927
ck_49969a9abc47cb69,0.007203670983177163
ck_d3f44bbe2f7e9b2d,0.007075020328837313
ck_fcf5b8216d0c18ef,0.001008066400714199
ck_daefe1e2d2bc362d,0.0023394904038349985
ck_9c9287cb28950eb6,0.00799242330440589
ck_c1d1a625b885a975,0.007879336089894193
ck_71b37fe47490b4ba,0.002767055251699313
ck_5d16e257c0635f7e,0.6266378558339356
ck_15918075563eb074,0.002034270496518277
ck_9a15fdefc47e8d11,0.0018623940374496097
ck_6f04d047d1dde75e,0.0007530584508865527
ck_1af2c0b3b8d202c1,0.0038853760234751457
ck_174be2231c5fd2b6,0.00034615396795479415
ck_bb0713a2a1d65982,0.0067573679927962925
ck_0daec63bd5b0729d,0.028607131018563492
ck_c0b5cc3e8ad2ff44,0.015245352320109573
ck_35bee1fc12664644,0.07577405082649055
ck_a1c7cf63467df4c2,0.0024842662560504323
ck_ecb1e15f0b185ceb,0.0630731221818748
ck_f280d31f54a4710a,0.011045219553155562
ck_30f4b2ee8abe1342,0.20383807689964462
ck_66bed631354de5b7,0.0037871905407454616
ck_c2d3ecd7278eba2c,0.0014551536653819807
ck_e901dec0e09eccbb,0.000983738937720213
ck_5d038ecb3c8748a3,0.004370777704252635
ck_283c5bea94b21e80,0.002574805104298856
ck_7956c251b85f009e,0.7611995404132225
ck_9f5f81d771146aa1,0.0006828816777685576
ck_9323e6fc1e168eda,0.9058104071427726
ck_10495d3a635b8d69,0.06332864256121326
ck_1982d571cd36eb0c,0.0030612745966446045
ck_4f5d7985bcc2eda4,0.0024070524254174086
ck_7df526b2b4410bb4,0.01795381554864919
ck_dbb498b1a346a402,0.0025734209586802718
ck_ef059997563e3330,0.0034758284414267383
ck_02ec4e06709e6b82,0.0015763167182507524
ck_9782c86ba6485f88,0.0014909900482315355
ck_d69de468b44143ca,0.0026342458359340628
ck_6430a8792f400e0a,0.0013691638682202796
ck_8285bd3c90af94f6,0.010109906986276812
ck_985c9ca112000e9a,0.014833663450534338
ck_e679fbf4f4f4aa07,0.0012687058479011431
ck_016e8c8eaf9d511b,0.04195618259264403
ck_bc996c523944644b,0.012199759839736032
ck_5b8315726f6204e0,0.005880308682104046
ck_78181f8e998e442f,0.0010880414617315832
ck_71c68dfd011dbbbe,0.6252121664776689
ck_db32c95ce2b6f502,0.8374827965458336
ck_755010362a9b1bc4,0.0027574176436073665
ck_114141d85256c9ff,0.0005869800167286806
ck_9d1a5cf5a3b87e48,0.005682081229618436
ck_ab640420858ab5c4,0.02825516970376542
ck_97a8dac48dd62488,0.09009527991668483
ck_879cc3166fe1bada,0.0014009157993973313
ck_b0ed11080076e381,0.0010421821676301376
ck_7334a9ec656263b2,0.004491636761846185
ck_6494f0ef13ce44d9,0.00275772450203745
ck_724e459b9ece38f4,0.006514459674507242
ck_7fd8b1470401695f,0.45245423145875935
ck_292f81186358b0fa,0.0039027155944467568
ck_fa7de64d37287615,0.024110804390377404
ck_d00e09e66ed6458b,0.11740770851352189
ck_b8d210e741be186e,0.0013383093452789135
ck_3db59982cbae4410,0.02034299834388564
ck_69887d0a9aaca6df,0.001077033480771345
ck_4feb21e2fb0b3977,0.006502162327740491
ck_08c6cc1e143475e3,0.004676508389750536
ck_fe6e168cdbb46b9a,0.0423392971389502
ck_07f1734be7fac56a,0.018878027201832216
ck_d66d59981307db93,0.010989231310534083
ck_f928dba0d587d7c1,0.0034409599669618313
ck_786448fe3004cbd0,0.0009742189703990129
ck_29ea329fa40ace62,0.008377533671754266
ck_7ea52b6f27edcb73,0.005716244877338114
ck_18bc51bbf3ef198e,0.028888830662604625
ck_44950df09ff14ded,0.0009827281451658062
ck_c1466b52c0a10b93,0.012035935478206427
ck_6cdac067cc4db5c5,0.022130376479258373
ck_53f55c6e8cf2d432,0.004692865329745293
ck_95945f48453ca532,0.023163829965792554
ck_87cce4126e215153,0.016908135882335078
ck_1ecd5516c92caa4f,0.0007753715884112541
ck_819b482bca14c068,0.4270781260129081
ck_a61a879dd46fc9f2,0.012767981430087918
ck_af70aa32c009c3c9,0.005938536690998644
ck_f4fe78e249092ab1,0.025656506566462643
ck_12c46bc52bf45b36,0.015638132532276944
ck_f05f5e4b40afa52f,0.03134594699912573
ck_0f8cb09d3f4fc980,0.37263239705168016
ck_80a64a7f0275a71d,0.0016860185251958864
ck_683af7b1540a0b22,0.032040730591549584
ck_51fe0b613c076cbe,0.0035607097341688377
ck_da1a2450219dcf19,0.06701988816404977
ck_2a7eba01ceba6c2c,0.2834914612507119
ck_4e329e29dfa743ea,0.08675821677968358
ck_0274d881d6db82c8,0.004639280087235198
ck_0af5b7d128035b35,0.015703813238938207
ck_ae0a7be6b0a0ea68,0.012622390895431124
ck_de5bb7a4d091386d,0.32547453073829136
ck_2bb7c17168a9d17d,0.0037728708730065835
ck_0ffdff7b2f5fdfe4,0.005671449775932256
ck_718a8390b3d42d7d,0.020299824512976194
ck_7c4f12d70f184533,0.0019382830352577978
ck_d3e2c26b8adff099,0.005093863739539959
ck_ac9d3d9754104cf0,0.0014633199746658244
ck_3b1766a1d51f8f0e,0.6089477779179703
ck_a9bf75bea912027b,0.016008919572603978
ck_687eab3ffe1f8cfa,0.01779042474891542
ck_25dd0b02af5b2f37,0.016437995360201407
ck_1747fcc466f0ae38,0.0007581406005661781
ck_f6e9d14dfb6f3c28,0.039242827199986514
ck_c6a7bbd0adc4d5f3,0.014404627438036804
ck_46656a23f4456d22,0.8452270892828576
ck_7519260415c2998e,0.016434798124347685
ck_754f30ea19df857c,0.04515618888814022
ck_ba88a244d5f7380f,0.01431278436121253
ck_f268416945316815,0.003965909847813018
ck_21860dd2159dff28,0.002248726352801122
ck_7a86ef4e2beaec38,0.0023689138565750312
ck_0414507baeea936a,0.019665986562407183
ck_60796eb60fc3043e,0.0035960844463637175
ck_1e0841ed17fe0562,0.015985696136459854
ck_0d641d32658d6e0f,0.0009885420819192561
ck_b36086ae6d87eec1,0.001977541764547372
ck_962e65ab33b5c311,0.9808206352532173
ck_b046a42684468e63,0.006293162227016387
ck_ab3426435b0017d6,0.02916447976160218
ck_fcfe06e44d09a344,0.01597017601913924
ck_0f6d916c92189516,0.006507680996424109
ck_d4c8f0d957c3965d,0.015289438060077373
ck_2ca83dbd728af019,0.0024496919446181753
ck_2857a4ce9f72fbfa,0.0010814857994266428
ck_a60e6edc48e3d0ac,0.14908865024586185
ck_0cbd3b27063d4415,0.0960725950386602
ck_612089ec90c37219,0.006793573001656198
ck_ec4e597f17f473c6,0.0012691165630419835
ck_1c93cc58f314bf71,0.010631521540316314
ck_2b359a979520276e,0.0010271152630248733
ck_1496568ddc3b2d56,0.2399040422114937
ck_41d91dc9f5063566,0.022672567367078223
ck_4c5ff58afe3d7a67,0.0014263286345017963
ck_81709736281fa3eb,0.001648148981445575
ck_d89abbab3d4957aa,0.002568784452286835
ck_52453401f88935da,0.005359580974025396
ck_a477654d34783e06,0.0020728409736707775
ck_72dd0dbdf808cb00,0.0212496684886428
ck_c183dff3781746cb,0.10350868580767139
ck_c8b7f241810b45e5,0.001037609551602375
ck_f88028c3f306bc70,0.013635967033521861
ck_91d48d69e4f5d9c2,0.01829088338758165
ck_b74b9ba6d7c9aab7,0.11146859069811361
ck_03e904682dc73bba,0.0035403878654796336
ck_fc6fed6ea96a004a,0.005707374764656865
ck_51efdd240e34c642,0.020405936538093753
ck_e78ab4ff52b5fd2d,0.0059328020780426444
ck_4af7b97c24d89a45,0.00931367105282153
ck_295c0072eca7f7a2,0.0018683677804344292
ck_8abd1a50a9227463,0.028174962016692638
ck_ecaa6f13304e3dc5,0.0014774487916099526
ck_de436e7b319be1fa,0.9951524186403038
ck_c802cf8f61466027,0.0015915981795771345
ck_3d83e0a3c1cfbf8b,0.0031982310098189392
ck_28d2003c2d16e4b6,0.0008390145299643151
ck_8ddaf745bbb9cd62,0.000570091955025208
ck_493b6256091014cd,0.4720978726396356
ck_a2245822cfea997d,0.0037944027907670943
ck_f7305b3c64cf8a03,0.09434188569144739
ck_9937dad93a0ed3c1,0.0021110712922146227
ck_d654449f9231ad76,0.002233708543236418
ck_850e2b59bc535490,0.006486735364627648
ck_e55e5bdfc0242aef,0.034160086714991905
ck_d35c51e981b98c5c,0.02014092981196742
ck_27cdf9c5e6f0915b,0.006228260930982855
ck_d328db1e1052d820,0.019194876710729596
ck_0ea30eff5f361cba,0.0025219209662000965
ck_9994323f97109f4b,0.9775643511138503
ck_09054e97bdf9624e,0.0007166414165878611
ck_723b4afc388113c8,0.002209015636785692
ck_588f6e6a6a6d93e8,0.004011585745805273
ck_e1d563fab4d6116a,0.003417139101377377
ck_53aca610e20598bc,0.009129947705839383
ck_c8131ddc7ed33448,0.0015356846962084885
ck_899f88464305824a,0.01611550560966476
ck_1c17c65804f8889e,0.0018080591025362437
ck_45a16ce12893cf9b,0.009860710090192378
ck_f9d481aa4f9b2808,0.7296815475132298
ck_1d5d74169cf892ef,0.02666870442037405
ck_aba32acb61c1aaca,0.008499772728443064
ck_ec4dd3675a8d28cc,0.0033037583638611326
ck_5dcd443fe0bbdeac,0.0008777062947001627
ck_3a47e3f54475e854,0.0005350396414350166
ck_a9aa5c344c315532,0.008077705096842785
ck_9652283c9f61fcec,0.0015760988310637783
ck_752dd3d2487f78ea,0.0033617328403412567
ck_a821980ac4db9943,0.6342228225316381
ck_93e0d6befb67f7a1,0.017967489074836723
ck_e7a3881c3e36bd51,0.12567714649378364
ck_12631b78f8a03df2,0.0004081129758805547
ck_57b8226610b48854,0.002015631943901401
ck_352657008983fd4b,0.14017194505306763
ck_0841a5c24fd3dd28,0.009129107495057525
ck_db9b9d5d30f74070,0.046619508297187515
ck_a9dded7f6294e44f,0.02699031399416174
ck_91a16336ce3217dc,0.004478328709579463
ck_371bd9388b287677,0.001709881417902824
ck_f285e5e1912a7c62,0.0032372836232062484
ck_368b65fca69fc415,0.02261079214172728
ck_d27a73596b6500c2,0.007779104405077436
ck_2d963f9b2c4d11e1,0.01023728688884237
ck_7c500e219af39486,0.005523198638094445
ck_7d025dea5951cba7,0.004954707878362931
ck_32f632706608859e,0.009633622629815236
ck_53816231f3ffb48d,0.004401720073158609
ck_9dbe184e81c1ca8d,0.08500100645523448
ck_d74123617f22a21e,0.0034359825510805893
ck_275386782b1606f8,0.0019459305645519683
ck_0b0e79d33e50cba5,0.0011408391806448967
ck_ba93cb604f792915,0.021711749220232855
ck_a86cd653472eccbc,0.0034621186214835965
ck_87771861e0447210,0.07009883150707208
ck_212380e0371d8a6d,0.011529270183116648
ck_ef0d702d7b0ed745,0.0032905235388402698
ck_2b8f33e22f939372,0.7879071799975987
ck_480347ad92037105,0.004368082775245738
ck_20124c3a16c53ce4,0.06947198126118719
ck_c9e1e3229baae708,0.0089418174100134
ck_b1befe967f7a5ebf,0.02606921319986999
ck_4672167d7c989bbf,0.028444405401491523
ck_f0c44ee5e3a42e3d,0.005123746828403566
ck_c416357d20238a4e,0.0056569883659787585
ck_d0f470f8078c91df,0.0030811112265459236
ck_3a70b4ee59084715,0.0021712548456866033
ck_179ed66cdfc1ce27,0.000757828100156594
ck_387e5a7f163c7837,0.006296443466048812
ck_08fb463e69f647c8,0.991656437982404
ck_732f725747393ec8,0.008710853822774603
ck_7cc5e0fa3ca5a713,0.001362733436057245
ck_ad4a4daa826ac68b,0.8878377578811298
ck_472e0be7a3b533bb,0.01998668912766263
ck_7190177963eafdd9,0.0317426331673837
ck_647ac26c5900f082,0.009014651206960253
ck_272ae2179bbd8e58,0.0036999929769690513
ck_09b0d8af304646bd,0.0006481068244642031
ck_ca0cc8ea9f344408,0.001486256743973329
ck_332ad134fb909869,0.004352946703052315
ck_fca2798914627dc8,0.14741299331050361
ck_4450b55f462ae134,0.0012982507369157935
ck_d67d9dfb60b286b9,0.00047644140174654974
ck_a9d2bb4f2bde7052,0.0020889024610978124
ck_929bcae878a3ecb3,0.6017290337570096
ck_59a9e000fa275e1f,0.005901908091094381
ck_57f17254e2688637,0.00673187695591534
ck_0508908697f60ce3,0.10163491920070016
ck_946afc2943298d26,0.001440455924700585
ck_7176d12b18f2cc0e,0.004258655584340419
ck_5c47b49c26cce286,0.01892806864630483
ck_b6a2bdb2d335e1d0,0.9955784938645902
ck_1d58f6caaa4d012c,0.009444852447955336
ck_71c917295020ccc7,0.0011465948974344448
ck_bc89644ae3688995,0.009858725842758695
ck_e7c212f16d6df272,0.007499668739645644
ck_c6d2e11a368184e6,0.001604366188151396
ck_eed7f1f7548df15b,0.007380119973446233
ck_75b69034000ca7bb,0.016496639227611083
ck_38da3bf629458682,0.0024748151627735785
ck_90114c891239d821,0.001053688170005979
ck_8ee08f6777cc155b,0.008630677012388925
ck_bd86132499defcd0,0.005137092774760158
ck_b95fbf2b5640aa82,0.0037948716918101873
ck_c530235393360e3b,0.00405367322256086
ck_be52a7ec43241ba4,0.07150044405277442
ck_d96eb3cc55f2772f,0.01662667096931163
ck_dd34f0a844fb115d,0.11319218335616485
ck_17cc7b411f448e66,0.026808918377785585
ck_856ea65fa27d06dd,0.029325141465116007
ck_056d5f0301c30902,0.11075381516243595
ck_e662b14b2bab23a2,0.10584768970302261
ck_209f574c8d92274e,0.006552905786120745
ck_62720b81617896cc,0.0025890585311401744
ck_041614694b77e599,0.001974367844312824
ck_461e3f7b97db8d16,0.039537335123284695
ck_1b74b798eebeabdc,0.004499017587159029
ck_0ed2739384f1d644,0.002046192696459587
ck_5a4d19f1b83feeb8,0.0007808331719303355
ck_463937167965a1f8,0.016924972301755693
ck_9d7151dbdf100e0e,0.005929871885505771
ck_20a7d1ce6cc27312,0.0021580624406351253
ck_6031211ff118cf0f,0.0006240860781604792
ck_a6fc92aa91e99b77,0.9759493377148514
ck_0aaaa9d2f75a0518,0.008164650790172558
ck_ec26e327cc1848b2,0.004056188221956819
ck_0e6bebf8ae9b9b03,0.004879712025899162
ck_e107537a4cb738f4,0.0011577268614844604
ck_e8ea56e122a5a487,0.010859176143581655
ck_98149ed45d38c4d3,0.010906945229606307
ck_0e719b3a6906b8f1,0.0005512466425088211
ck_0c6e7bd357e4a348,0.0005661468589722377
ck_d3b2b250da61db19,0.8992119809285043
ck_8bb6b0a292754576,0.10941865060075318
ck_87d70f5fe48a6128,0.009947435519552298
ck_ea9edf9c107d429f,0.007336093580619513
ck_059806c52cebe4f1,0.10514395749272291
ck_a72d6df666e1c21c,0.007656732321119021
ck_1d2b80ab6c4944b9,0.004751141320972612
ck_60557f077abc42ca,0.6761327877069997
ck_e5f5cb7dd6ce4a37,0.0060488117544921505
ck_4c4a939154446053,0.00291516061906127
ck_50ede3eb561a202c,0.012260431642947416
ck_6d03a542922b2ae8,0.008837670951110831
ck_d6fe761ed0db3270,0.00898097962933859
ck_7f0cd6ea3096f985,0.0016847248520994596
ck_23edb6d938a3b87b,0.0024606991990048853
ck_799aaf9f2b9ef621,0.003685452397712557
ck_f8f6a03613b6dda8,0.0022171618139866485
ck_7cffb189f4f514ec,0.9717928434220532
ck_c081e1967dcd811f,0.011664031708513677
ck_583d6ca78c97d91e,0.07924242098799435
ck_9332bbc7125219a7,0.003743243250496052
ck_956b5af6d7d86c65,0.9501112315661603
ck_2d634e3f24681c0f,0.014103919303198617
ck_7b35d218ed0c5a60,0.0011615859793638438
ck_ca5b1057f8248f73,0.006587806643046498
ck_ec5ea81cf813597c,0.002729301982926423
ck_eaebaf4d28400fb8,0.011205451901198218
ck_ae2ab6be219219aa,0.0013641540078842102
ck_d99a8b4c820eb46b,0.002588156897440659
ck_bcfb7ffb7cd428bd,0.002276927906947724
ck_3dd542c2d31be2c0,0.006186397387169665
ck_c7dd84401e29a7fc,0.0008306788913830118
ck_c4bcc7cefd40f8e2,0.0013358822467215308
ck_c251898b5d51e3b0,0.0019192296032795424
ck_36d37be780c1291c,0.0021183393187560176
ck_99b4f266b61ae7ee,0.012464365485152996
ck_c37f03995f0f0169,0.001594590516675451
ck_65a23ac8e44eb901,0.0011044418675821067
ck_644b1c1149eea9e0,0.009852316607591163
ck_9cf44eb0237c2429,0.005439578865116047
ck_20541686a94fb71c,0.010379195969811204
ck_c18245be844680f3,0.002827449376100486
ck_56de216eda6b7fa6,0.0008038035673821385
ck_406c4442dee45cd1,0.00100509506785566
ck_df1585c7d72a96e0,0.0006033541344667946
ck_b8e8dba20676d87b,0.006152491021348636
ck_0ee6965e68efc177,0.015570348317595014
ck_c2a5c54ad8d0d297,0.021600556139861844
ck_bf6fb7e6470e95cb,0.0005783176384507312
ck_27fa694569140345,0.0011589195316651663
ck_e04166b0ce66393a,0.0025523444244364567
ck_8742114f4f0cb22c,0.02187457651153239
ck_6eceeafd56b42576,0.0516641848814174
ck_34f9951b0eca1965,0.010655623982744424
ck_384ccecd342a24ad,0.00041909684878397625
ck_49c98bebd1338879,0.001065449309959728
ck_6c26c12071c91ff6,0.002949291804021815
ck_01e5986ebb9a78f1,0.01877081540259479
ck_121db7ba3be29ee8,0.007929484882742005
ck_039e6d5a330cea1a,0.023194233667881484
ck_ae8c9163cf957d7e,0.002001339618961308
ck_3f5e8f3f1df0c8c7,0.02763554867036914
ck_b1c51fdafcd80122,0.010734783296463204
ck_12e2b5ebfe8986b2,0.006646495061339294
ck_d55eb81a4d543c59,0.005142649108236485
ck_f85155ca5c312c7b,0.018322416552051322
ck_133d8a1ac7c0e301,0.9851364098533054
ck_04212a9bb9b28696,0.9974775161827567
ck_4cc11c7d3ca61f73,0.0009121757497778159
ck_2df4854186ec515b,0.012753976475531777
ck_aa9b28e7fc43af79,0.6098308138081301
ck_47cad6c3def4c9e4,0.0018359638623513415
ck_fbff7b5da8111567,0.00590374134600395
ck_bd25ea782e375b22,0.028904019984052797
ck_7989376f8cf64a9d,0.003700548770724789
ck_675c0ca1ebb1051c,0.002250172468849811
ck_1436f6e11d4008f9,0.006343489657195872
ck_812cb3a4482cc618,0.012406794814765249
ck_6e606f73a1094afd,0.010070658578480336
ck_1b708e2a4a0584dd,0.004084362829890278
ck_a60d6b324bae0330,0.028283276986437723
ck_706a4f673a9fda3b,0.3380046677478445
ck_a75ece9a9044eed0,0.0024201315034940796
ck_9aa45c4e03c8c57a,0.01029685469482065
ck_9fe9bdce982b312c,0.02359732801059275
ck_c6fbdc5ba68a8466,0.010836020068204309
ck_ed0cc1b1c28f9511,0.007993336106305107
ck_a4e2607b4c8021e8,0.0006123333125253399
ck_e02f93f51cc8caf3,0.0024992931801753214
ck_7084ed3cf20781b7,0.015908356001326077
ck_cd4c63155570d6ea,0.002562547117168434
ck_d1b9e5d32d2d789f,0.00386208872844974
ck_68f56f6560a7a933,0.001402447619426679
ck_8bedacc6233c6269,0.0045345903642082415
ck_ab7cb50407d6b13e,0.010018576442107073
ck_f17ed7e0fd687742,0.030890428182458844
ck_b0fe4b92fc70f72c,0.005387260408002399
ck_84d62b8196da2452,0.008800658385207211
ck_9e298cae167f4693,0.002345159144828131
ck_405b20ef9ad0ba5f,0.021121661004708796
ck_813e02e1ababd177,0.016775603343395597
ck_f234ab47061ba7c0,0.0011751213458534113
ck_22b587c18363899a,0.0043818006456185585
ck_4e862c2f48c38aeb,0.001967299381564146
ck_b89cb90a420c9075,0.0046622467597251995
ck_be2251640f27a3c9,0.20607617573806455
ck_46bec0bff167ed3f,0.03147080696725298
ck_c0032232c2868328,0.007881954610385914
ck_030cf09525dba4ba,0.0006789052789102263
ck_6ecf56236789fc09,0.9862693369717931
ck_38d4ed52cbe6d123,0.048235040188005875
ck_2d923d957ffd4d53,0.0044753794535337885
ck_3af1eb88728ed8c7,0.022276282943403645
ck_2f8120ca80a1592c,0.01078804808230263
ck_6cabb1a133f0b151,0.010644800320774953
ck_bb6cf7e7b707731d,0.8930826759257894
ck_c8307fecafa90140,0.010337253607560982
ck_75f968be67f46d24,0.008241555815821186
ck_df6fe4ec5a233213,0.0014234863951013781
ck_b53e88c0e927d896,0.000909075367619794
ck_f0093064aa28f4d0,0.010039759420620525
ck_ec9976cabc63ff92,0.001973553987326374
ck_30dac0a58c5590cb,0.04362525068739086
ck_348a525791ae6475,0.027651162795068684
ck_b898d912d1181ef9,0.01452220465374281
ck_f5b1200dc6f95760,0.02003023127750348
ck_54978a073e7a0b1a,0.0025812311512044563
ck_55933936536a4071,0.004886522527558219
ck_d6ba7ffd2ae08863,0.006350684771215065
ck_404e2217fd87fdd2,0.0007936113278828006
ck_dfaafdaefa5716b6,0.14104048403904557
ck_556c62e92d4e7e5b,0.01712448055338981
ck_7ce44f4e06d58111,0.17813663663540003
ck_465cb8ce232c7670,0.0071166920784081975
ck_237508ca4fb37268,0.026351913500889168
ck_ba4a6b9aa63964ef,0.004666190185715211
ck_4802a0a7a1882c88,0.25030980373360023
ck_9478dfe4114c30f6,0.012410522535909605
ck_5138f6c575dec64c,0.006091954842188425
ck_aebb42afe430e2e9,0.002829282997482644
ck_004efa95555437e9,0.0035604505896500186
ck_11af112667c98394,0.01172333819421673
ck_44e9a18a8645c9d3,0.0035236626860954386
ck_2605fd571219e28d,0.00035449649326134815
ck_dfc933493561d84f,0.006062958794131422
ck_67674348e68d1f25,0.010935609115752132
ck_dd97429277a2fa00,0.009015891394301086
ck_d3eab7a06eb48348,0.057160826489601614
ck_0b9fcff9667ec05a,0.004889679763908034
ck_fc4bfd6e739bddea,0.0019102295974923228
ck_43292f70a03ddf2b,0.030195284983478093
ck_5ff6108056a3fef5,0.005409311284229043
ck_767e0be086b5f601,0.03234756321948684
ck_b8465b1a5666155b,0.012378366222917455
ck_ab2e3fc56f5b3aae,0.007764598828633638
ck_1833c81d693c1e07,0.9248569330076741
ck_0308e0602b856445,0.0030624282663611465
ck_ccbdfe744acff8bb,0.01787603066820334
ck_b294aa27a0b586d7,0.0008758123995149317
ck_a3747201f377626d,0.9623917407169257
ck_edde1d7d1db24725,0.014463902410846257
ck_ae3b47d6e1063704,0.002657593137813139
ck_3aabf5e0f4defb41,0.006080857180384812
ck_f034adb57391f3d7,0.012298777221707028
ck_533672fb40531607,0.15516920913979831
ck_2a244f1ae08ef83c,0.007539817877142485
ck_a35d81bcc54ece2f,0.005617688682836874
ck_78a61215675b38f0,0.004801263641029405
ck_e013d88ea7939616,0.0036193121603313935
ck_e5018f9418e0102e,0.021712446110894186
ck_d4e024fcda401a31,0.01130415278741045
ck_f736cffbdb82db34,0.0005215523145739984
ck_1507f5aa50cdf3a0,0.0055076020567491595
ck_18270fee7c8fcee8,0.0007431594102941778
ck_95ffa1a805a1c9d1,0.001545154287460025
ck_11132d245b94d045,0.0026900712057091472
ck_7b93a622e40d8b14,0.023486790174081368
ck_3854c08d17704347,0.05330924789613589
ck_7717fcb100dc4b5f,0.008994540687798097
ck_ba54e0a1c328119b,0.8688129880761786
ck_a7afdac4ecbf2de4,0.2617951461664793
ck_ecfb771ed2352085,0.009503509018251546
ck_68be4fefc85a6b64,0.1609643519992478
ck_dac7c50bd6d0148f,0.0009108205449947823
ck_87cf36a03bd63c24,0.8485546924090126
ck_8adb40b168b59d7c,0.03405499815348739
ck_8d2f62930777416b,0.03933933467010771
ck_9958b58da9e3c21c,0.008130635153941116
ck_9440335375701f44,0.0061741587911967755
ck_e2f88e202b6f700a,0.008541621032552588
ck_4c7c50684827a2cf,0.002201450190271783
ck_8a6ea4a79b1c7a8e,0.00974636013261742
ck_186dbff4b24a3bbf,0.22091618473020952
ck_220fda3c11c59b6c,0.038081135192783944
ck_3acccc69f8b1fd14,0.10285569895332629
ck_9de191bf79afd676,0.004302648985853605
ck_6de6b1663f9457f4,0.0006849423632337426
ck_062754f8b79b86e5,0.0006886132384631622
ck_aa153a89a52f7eb5,0.012070023129496357
ck_34a6bd3be642f15c,0.010040012679692612
ck_9371c700d9830326,0.004597804816983751
ck_a99e0c258ad7576b,0.0015607653188461229
ck_0a7ba51d626e932a,0.013465669880546274
ck_852c50bbba1ead13,0.05495940432333972
ck_43dc13b6b6d31297,0.029288236465510827
ck_7d81b59d615a6649,0.013176171529790734
ck_39a3f1da060e88bf,0.004656637777794392
ck_6fb2d142c09ed3ed,0.028015989800688246
ck_6e5752b87324b58c,0.009676899480140725
ck_9441d48a12e8a4bf,0.11315492034896193
ck_09e9c51eb538b255,0.004452279590608895
ck_8d0cd981ed3a183a,0.07072323566952239
ck_57c07c45269ca8c0,0.0013734001529726908
ck_ccfc9ab888ba933d,0.004150101370346625
ck_9658a6ef471053f0,0.0011609730151969692
ck_dac3852758f4ea89,0.001340484266745341
ck_b1ed2278f5f14d82,0.00602413852629085
ck_333544d173524f70,0.019886202661918866
ck_fd4582e3853ef23f,0.005937266818999183
ck_614d936cef98db04,0.0009223471845866008
ck_6bc351a3d57aac54,0.009333730212506507
ck_af5842fa7202ff25,0.014464451648804763
ck_81307759252571be,0.004316159597781524
ck_b4d2f02d2cd45720,0.7340100970435659
ck_1bd753a4681946c8,0.9453358286610539
ck_46d8c029d46867b2,0.0031234022812758203
ck_b7da6640fa2f49cf,0.7612295663407892
ck_9ea3d5a5a91fef9f,0.01807120653952984
ck_7b922518f667f76a,0.0008097781137024411
ck_2a5b31594206eb30,0.7022498393833743
ck_d9506476ad3f9e08,0.011829663252647744
ck_c8791f7ebd4d93c7,0.02623607129459448
ck_b5a3e20fd210017d,0.002567271240236241
ck_8e54386f4fe22cad,0.012398361933071726
ck_75296704f5806f56,0.012177529811561517
ck_0fbbc7a6af300368,0.00317442757320253
ck_d19bf4dc0627113d,0.002680587789099134
ck_7951bd4eb99a0175,0.0007735006037943301
ck_059e4fac6b7f704e,0.003507817649782588
ck_2ce8931af02a2ce3,0.0030429833347378568
ck_9e665618a4860306,0.003988313041141644
ck_6fce5a893613fd2c,0.0007858868583073168
ck_9e3fbd04e3532f32,0.13437623804345994
ck_55f2ef0de3420e3e,0.014568481024956722
ck_8d87658a6f5d204c,0.5974306370240496
ck_6d6ac1f5dd882aa5,0.0008995964554506543
ck_55d0c7012d7ef236,0.0195927385129324
ck_7738eb085e5753d6,0.015127101940800216
ck_0e6e05c3cc8c8242,0.00940771039543115
ck_8d27ff8383d48132,0.003526847037213896
ck_9afc3bb849f3a64d,0.0072976218875111425
ck_27eb86a9898cdfe3,0.005891906681326263
ck_1d40e4fc541abe93,0.13139413362327404
ck_4fd9dc00e1913587,0.9918129335290932
ck_b26cdb2b7b165d2e,0.010926255724845454
ck_a79a27767a02e31f,0.016331584880627498
ck_f0c18cb9f951a71e,0.012264257333469596
ck_50460e0189de6274,0.9788840411000527
ck_5e5280539257c986,0.012059441304758252
ck_eeb854318b3a6f0a,0.0025978685715695228
ck_943f66f28dd24750,0.0016939232762975313
ck_984dd7452aee372d,0.07327977414786786
ck_ecaa6de0aca5e9a0,0.013437958728998117
ck_8f1cbc432e2774f8,0.017769994587379656
ck_d91d9f8445b9769a,0.6950360197684426
ck_73c18e03e3c7612e,0.0006462733489008084
ck_aded05ada490da20,0.005624699065999649
ck_f744e208183971f8,0.001958950149677836
ck_02d4cef6358ad3b7,0.002589758698121509
ck_08ff5bd467226a5f,0.0009508756978869103
ck_f824b326d5089885,0.12191527696227207
ck_3420f2fd520890f3,0.015953264021424846
ck_1838cf8d00f5b1e1,0.005321516931851271
ck_a85182ad90b6f1e1,0.00044803130500219396
ck_fecb39c82c43e76d,0.002882642234233057
ck_162513e73782929f,0.021289285727286132
ck_2c27b77c59d8f23b,0.05348104415319943
ck_4221e07b17388fd3,0.039878003087171196
ck_adfb8472d5c3d669,0.014305169417535929
ck_0742fe64055d686f,0.0009565899614771575
ck_5060aefcc8b6f958,0.016323100593225576
ck_643f549b4ac78a26,0.20795671186203807
ck_dba767885bd6ad69,0.006352648270717321
ck_0dda35c0c64c7073,0.994341448850393
ck_38ea56d43afa5660,0.0037369257549718835
ck_d813e15ac91f487c,0.14371343025861677
ck_4c840e5585a7b167,0.07249482891702204
ck_cb8551453a7bb929,0.002380796013814028
ck_05a00b1dd5a03359,0.0020721306755745036
ck_837cc7fd48453a01,0.007808826878127293
ck_49dd816b31fba6b6,0.7727481663030831
ck_86a61d9a39768e87,0.010385494235897012
ck_cd0e76f0e7bb38cc,0.029210986598824533
ck_dbe58392635133ca,0.042880961653275776
ck_3caec7dd6f8d02c9,0.01209659654689434
ck_bfd9bfc5b6ab4a54,0.11849002721392829
ck_2103399bdb2898a6,0.0031969086426989644
ck_329f7de7279e74c5,0.0024871924908374393
ck_9bf0d28119fc42c8,0.010120277782673987
ck_f781539b1042dc83,0.00363457586978302
ck_9986c7d781ac6b4e,0.005035553128150832
ck_a627734880aca848,0.0005124740760714246
ck_2106e509d77fdb4a,0.30277445558785393
ck_420d1a9c604293ce,0.007423301209610533
ck_fce0610c527e2b56,0.01548742856289273
ck_073da541ec3f9d3d,0.016825940665419488
ck_aa5f3ab48c17fed8,0.06661287297162775
ck_0fc1086e1c9e04b6,0.00625713741163757
ck_5c33bb46c1a5945b,0.015248231013724047
ck_500948a8d4bd8e13,0.00613052774217502
ck_19becd44f2c3d2b5,0.00579046751115221
ck_7d0fe77dd5ddb656,0.0061533543585701655
ck_f158d9e5f101bb35,0.021696764235033077
ck_cdd7c77823c2257f,0.05018168807056329
ck_6c7b41374f9b2e55,0.002766622194641733
ck_417090dbffb1a63c,0.004037830035026875
ck_dd0e17605f970319,0.008532836727992576
ck_3646515079e6be55,0.02963085448159915
ck_89c8b06aa8c84b2d,0.027182731210859047
ck_e4d6dedd97233c07,0.02523646835107803
ck_bc82fb1895fddde5,0.0019949984565097363
ck_88a8b1d442ca3686,0.04167674435904027
ck_5791f8f76a629a4f,0.130566719793127
ck_9cf5e88e97c8c7ea,0.004734666892528572
ck_58fd684aa5a6f289,0.00021168435336118126
ck_9800c21dfbd8e811,0.0038948584811005485
ck_8ae64df60ab6ccda,0.01291562592535198
ck_e535fb0f0c00418d,0.02999217487450101
ck_48011996d54855ac,0.2405377123850255
ck_ac79c72a8fe3fdef,0.0382582102441161
ck_b8cc2df5192bc49b,0.009765913608553754
ck_e96a5e1f08f8a867,0.0009173215708516372
ck_84df6770549e43fa,0.0018798176270893832
ck_e5f7b99ba6ec5767,0.008460375421478053
ck_8347455ab53ff620,0.003514332498437394
ck_a84f2cdf695a71d6,0.00394672647163429
ck_90456160115f9ef4,0.001620049735811482
ck_ebd178b3f3a9c50c,0.0576663378442524
ck_e1140be6157bacbe,0.0010127964508586536
ck_744ffc11d32b96bc,0.0026406530064296504
ck_e12a9f7d027e3387,0.0008657073691865604
ck_cbe525da0b69f18a,0.007479151782373389
ck_aa59702537557ff1,0.007944429720435032
ck_0348cc6908f7f3af,0.0010146631094363127
ck_120e995d50956bee,0.13652618444056083
ck_9fcde1ff46cbbea5,0.00031604620497024743
ck_54b0b070689c50d6,0.0015689651420121218
ck_966a167758fddfd4,0.015570194496479336
ck_d5194f2e92fd6427,0.009958965181598653
ck_2ee84f3fa27f2cb8,0.0034336933942876293
ck_57d0a7eb7eae2eaf,0.020169686386831295
ck_6a2c4edd82e10969,0.0016797632634134954
ck_96e4d38ef670eaff,0.01220626700716596
ck_52cc2fd5095b169d,0.009409245829234589
ck_4b088920f3a844c1,0.06327708230895496
ck_8f3ccbd20d59f1f4,0.002060850513771153
ck_e5e5dc431bed6f9d,0.003187840497962874
ck_e8b5bfa6838e28d1,0.014325743118868686
ck_4bfeb78b47b7c6a1,0.04061030367923411
ck_a705c61bd679496f,0.002421166595388786
ck_731869a0c39cb2fe,0.006624333698039489
ck_259eb102342057ea,0.002386651610219332
ck_47a6005fabc33551,0.001855349235821005
ck_682262b455a9edd4,0.0013888083496604044
ck_e839d104854945f0,0.0011882495182273627
ck_761989aa4c47d746,0.016303411353024218
ck_44211dc210139ed3,0.0028846910259247662
ck_9915ceedf63a5289,0.06886359992084556
ck_da59ab47cb6284ad,0.0009573963491563755
ck_e5cdbfcca2456652,0.0020167448197897977
ck_13f2560c6a1ec62f,0.013536889203436608
ck_a0543e9b3abe1001,0.00621953800837137
ck_11c7a58e09e6547b,0.01075071959923313
ck_69587a134d43a4ad,0.06950616892329875
ck_28dc0de0ae291f37,0.013676666974996138
ck_298922703c5bbe05,0.02569985044612752
ck_fa5ba9ed9ed6a343,0.04628161833189235
ck_c08e64d424e56c05,0.007628427259586687
ck_598e036a28262aeb,0.026071274864523274
ck_3f7c870510083a51,0.009925049602209355
ck_364f8203a3e98d36,0.7369575653684517
ck_7333cedb61506ead,0.002281273006983619
ck_1d96d7fd65f208b2,0.029854264420115517
ck_63133a79f23e2627,0.02419729580861817
ck_901d820e0b72abae,0.001619384148934886
ck_5dd80b3c01457bd8,0.004540929466215236
ck_c0b8067c144ed6c1,0.00826384018154111
ck_cebb8aa8c8f62c60,0.0012044004559359982
ck_79749eca42ff1f5f,0.009687251661618802
ck_2cc1d9b587f6da31,0.057412148902251006
ck_ccc7916b56d42195,0.0020229545009171606
ck_e43e53cc7b8b8e41,0.010094966815870441
ck_4ab74a6e7450416c,0.0021845522239650524
ck_6e44024e9de301c6,0.00035464330295005163
ck_dd78cb6ae2866cc6,0.019431680334225883
ck_c363d3b050baf3b8,0.017719180425888055
ck_2d46291975f0dd08,0.0032055538500931737
ck_76ebeb5aee42f041,0.04275572729279627
ck_8395f004cf4d4c08,0.0012580791487257306
ck_de7259c3741db179,0.02780299029974461
ck_3938e92585df2b34,0.004360418147186689
ck_af69bfcf4f07d932,0.009077972412635851
ck_1723900ab9afe374,0.0394637135419574
ck_3d58628d1c853c8a,0.0035116518189316293
ck_12a074db100481cf,0.11354031623106002
ck_8716cbf892c50e29,0.002952027869012292
ck_fbf7351958ad9615,0.0033000470255835196
ck_a50370907e6b397c,0.17945407647137912
ck_937402a60df0821c,0.0010632987296313608
ck_8ce9c5807acbef48,0.0017716814503034618
ck_acf7d65eaaa4c31c,0.0025818937756319814
ck_ec3eb6dd0967cac5,0.042092314110763446
ck_fc832b0c90c9bdb9,0.9438439475053236
ck_8129e81cde280131,0.0016369589400801656
ck_52c0ef68aa2fb8cf,0.01051335541552657
ck_06f042e9b1b662fd,0.015540167917051775
ck_0bf35dcf7b38f650,0.0010831718476994971
ck_615763afc2e17a7f,0.0006182885494658111
ck_e72db9d4b2fc9997,0.9703168316267288
ck_13757bf0eeb353e2,0.00935340146569815
ck_abaf371ec8249c4a,0.06184122827625569
ck_9b7167da0920c37b,0.01607866950186292
ck_2e824b0b27494a17,0.02317161513995309
ck_9a0b605e9c3220c4,0.009844044708338119
ck_a5276af466b681de,0.0007814903510356453
ck_9e0383e1fb6e214d,0.03893793024928084
ck_6a27c44b691dbfac,0.0016254234547358702
ck_af39767cf583905b,0.00376731201653078
ck_243b1b9fdd3f9a74,0.0005034078625256721
ck_c0422e638a9c6046,0.009309073587746816
ck_e0f3ea3373dfc4aa,0.03196639846451836
ck_d56ee1654378ffc7,0.008602983248809523
ck_20cd2f5666719baa,0.001263247546730584
ck_4dfa1c1e9b69fcc8,0.006271565805957989
ck_5d22e9ca1d15180b,0.306156625528808
ck_f4a7ac178fd55f0e,0.0027832971971433955
ck_fd5609bd23a1eaf8,0.004566817206130842
ck_49c3bf13dc9471ce,0.007175577189995034
ck_724085c3452d4693,0.09905461189443528
ck_e5d1462846154a75,0.05134528640869044
ck_c69ef0f3e7d6acf9,0.03339476010118926
ck_a2d0417791d4132d,0.00317410082873609
ck_00a07fc2a9183c3a,0.001019963836764633
ck_781b8288e54ba8f8,0.05812908771827474
ck_d74a62ab3804a81b,0.0028993432897780223
ck_abcbde211b6267f8,0.18814659288012422
ck_16dbafc035574654,0.0024318833811810157
ck_018f780215ecaf38,0.025320514200081422
ck_0b259620eac51618,0.002270130410052516
ck_4f875342394c110f,0.029942583853283362
ck_399e45e5fe9beaee,0.0031386223510403736
ck_36224a2d394ebfe4,0.08185095032047957
ck_c189b551bd111332,0.0006659908639768397
ck_125c5a720ecb177a,0.01871486200308036
ck_76d010aa02eb477a,0.00028236805810485314
ck_1071d14c46c92379,0.6759100349094329
ck_61d244b2cde483af,0.005012243829613683
ck_2ff1860da2004c84,0.0018826858138212663
ck_c5b583490198672d,0.0052700696893014055
ck_1294f7af22fade11,0.13669104590015874
ck_e3a22799716df39d,0.0023937064500233066
ck_c77e22834ef97005,0.45234732131407035
ck_73d3689728270a2b,0.000631019098165962
ck_295565fbf77ef885,0.0013794532814875294
ck_80c0a7f54ff4895d,0.0014953797243667387
ck_f1ef5cf7f10b16c8,0.006686052857560719
ck_a958b2461ffc21a2,0.0977091548245974
ck_0e7899a57cd617d6,0.0011342649331551906
ck_9d4fed252718f58a,0.004072627396537252
ck_83c2c34add971d76,0.0011685560030158886
ck_9ccc030ba2de9fb2,0.032871689540413127
ck_cd691e3466fb3742,0.002281082381919628
ck_49df70f908dfd069,0.07919597670057735
ck_362ce13eec1e33a0,0.0022773671702635946
ck_2452a30397dfc54c,0.014085394140907412
ck_a443d49c2b4863b0,0.003921624327791191
ck_c8b2e2cb349dd0ff,0.00206542940766186
ck_354909fecf5da8cf,0.00448645271195017
ck_841f598bbd54c83f,0.015972771224219688
ck_cd6fbd4e8724f994,0.007922777076560635
ck_e0b3158111370118,0.01659216720539316
ck_4c2f2eb657c2c60e,0.0015712074069265697
ck_ef346071f0b7654b,0.0032482424504906198
ck_f3bc10e3decefce4,0.002767177735574573
ck_189b6fbe9b9192e7,0.0068517612272869875
ck_5245cbc5ff4d4fa6,0.007809666155745551
ck_cb42e3be6fe87f60,0.0060878004614211435
ck_966d4d713cbc7792,0.0018290666886730683
ck_1c8c969667cbaab2,0.903718692368197
ck_d35e3aa9ef5d405e,0.2564044154780016
ck_a1c39df50a5873b3,0.018568370944182032
ck_a152165caf295b51,0.006548564228221006
ck_891eaedae139828e,0.011510515626017107
ck_1a46b56f4734d52e,0.0020983804876884946
ck_5e36042cfad96c99,0.4967809852329041
ck_02a8582c2603e675,0.0039720154152653436
ck_6def9d0429e4ed4b,0.004211840088298055
ck_e137400825a1e3e6,0.006503595845642836
ck_d91ab840848a54fc,0.0008220344624999155
ck_becb6e1c608e0078,0.0012359339822077264
ck_6fd8c86ac719d7eb,0.06335894733192732
ck_3ed4d13f12fd9d0e,0.07406049542279797
ck_007337aa99a4891e,0.0006151634270913549
ck_60c3d8306527a08d,0.0008330256983395335
ck_95458880a54df0b1,0.09551101816851666
ck_b48cd8593533fc1d,0.561364084781282
ck_021c6a4a7e3f1f0e,0.0007510541709189693
ck_764d40f865e710af,0.002844634862910205
ck_4b84357ae8ec7777,0.005030393461685873
ck_3397c7856b4669a5,0.0006556071118771723
ck_920bb003b42e6310,0.0009828323532114903
ck_8f59f11b512d5b7c,0.05231833025238351
ck_a3acf4b986afa98b,0.2869675183049556
ck_e89d25ed7bdeeaea,0.0027462162259653464
ck_70e6bca473bf6902,0.001326856115302707
ck_186161ce152836f5,0.001575650323618912
ck_9191579254663f5d,0.005670095843268093
ck_1e6628879e9d653c,0.0021472519252864956
ck_b498fa91a0776ff6,0.05954166045069666
ck_cfc2384f22954830,0.012002910415903598
ck_17673a1c2867888a,0.0012432779475543402
ck_523dce06515b072d,0.005276332920471969
ck_c20638a325ead2e4,0.0014303118963641022
ck_d3877e1f907cc148,0.019708869482444272
ck_e9a2495dea8675e2,0.011219979254828514
ck_7e561caa5fa1f3f1,0.021599844524276577
ck_455672e652fe1abc,0.9861273425551811
ck_7f8f864fcc90ca82,0.0102132391634294
ck_1ad36046aaeb816c,0.002935552022745526
ck_de056e37c82e8e00,0.005302916112471798
ck_7484c214c889fe7f,0.026428795382533087
ck_32430e678c4f9f53,0.005161570047555476
ck_6276ece8f80ea799,0.010346784127628728
ck_ae8e5dc4b725bc25,0.010713814705330015
ck_f01be92dc78a2dc7,0.004568228378076912
ck_233397a8bd40d38d,0.00178983076772134
ck_f8124911450fdf31,0.7982301198455396
ck_aa0a3179f1111674,0.0025895006114567943
ck_2366b29ed9887a5e,0.0010370544586764774
ck_1f22f04dfc08cf27,0.001128933068497426
ck_b62276c3426d680c,0.007996673012197458
ck_d099fca88691f66f,0.05850543099007888
ck_166bd1dcbaf4d6fa,0.0004189973027269798
ck_7b1660e942436e12,0.008931402943536164
ck_4a9a791a1d409a3d,0.01676682819991456
ck_b003e5b54df65db4,0.004511000064491866
ck_64b4dcbf436f0b75,0.0034100170557423296
ck_26e9a7bb2061a58e,0.2758749918302569
ck_08b77ad5f8f73007,0.00515720211674382
ck_366616a725afc6bd,0.022297994505796524
ck_934fb5064b6eefe2,0.0015375120928190916
ck_c6abd5d57b1009d2,0.001018828183742379
ck_edcfa9e1cf29d813,0.020127726859299987
ck_c30201ebd003fdc7,0.01117794955657116
ck_c54643d94d3ce355,0.013078536509663726
ck_02adda6e91e49650,0.012878019234593219
ck_5b73d7c5255e58a3,0.2514513185539408
ck_129ffae92dc01408,0.001141061415535554
ck_fa321945ebedb916,0.027227692119105373
ck_8da980cb2e1e2bfb,0.003994999347841284
ck_0576b00d728bdf19,0.025977608801407447
ck_c543d82e22b3c8a5,0.0009071995563065718
ck_0027ba644f9ae2cd,0.01631892890957019
ck_8dbf61df902a6bbc,0.0011294992134695092
ck_90eeca1cda79fd41,0.0013234576741165387
ck_86d7127391d4e01f,0.0011575120531139176
ck_73762038c7ff2f6f,0.00363764017863846
ck_a1484e6215fac651,0.8620916136414983
ck_cb83b9f806e90dc6,0.09198961482601428
ck_8c6f059c95872126,0.0010149145461696512
ck_3174419a81e7caf2,0.005871054812805998
ck_6a0f8f8fa4a3c2bc,0.011271110136915452
ck_b5777605668bfca1,0.0009719612668902382
ck_27e4de495abb4d15,0.0013007130749835992
ck_7f6fa79c7a107161,0.008156207366647438
ck_c36ed9f8e6792ea4,0.008384745352352826
ck_67a1aa88d2ea554a,0.014659901617622534
ck_09748dfe4df3d540,0.000585349394796666
ck_27fd85b1e38b675a,0.0007316992641581983
ck_2369689bd795ee10,0.002733133798893139
ck_4eb1c12f7d092bac,0.00041620589057169614
ck_01fbafc42c8e33f5,0.00343079049599528
ck_93c4e05699b3b7d0,0.0022590254646854308
ck_afc484d1b6907983,0.0006096784568200989
ck_1b2d9cae92a1aab1,0.03239868038696826
ck_73b729cb161487f2,0.009806306399961448
ck_fe3c1d0ac090d960,0.0405774496928909
ck_408efac1d3885ff8,0.019347514139078627
ck_ccb4dd9d0a48a76e,0.002920240862291842
ck_2987eab34ca7805d,0.023311133952229356
ck_1dbf1f15193197db,0.01834468602705317
ck_4ed711fe4053e74d,0.018648328108842965
ck_6c54adce174f45f4,0.002208972225645825
ck_a6c740041faf0bd5,0.001408887732739281
ck_b05c4d33c4f43639,0.02395295264836887
ck_032880f1114dd51c,0.026473819173464364
ck_22311b037456a76e,0.0005715288151076373
ck_5866b413549765bf,0.0034676840775013824
ck_0e808afe2570ecac,0.0043280972813686
ck_634276b05f4381f8,0.011437091110241968
ck_5d8773badd0d4740,0.004248460159445963
ck_82b5b79ce3517102,0.9162306692335239
ck_b378b8d8100ee4b1,0.009649435787323676
ck_54e581f71be5430d,0.0011218735466242905
ck_798ba4b8aa544fea,0.0014788893303268134
ck_3fe86b6331ff95e3,0.253432949199872
ck_81275d9d4c559e6f,0.0021670625789825455
ck_99a4e5ef02d89493,0.013074322387474645
ck_54e2eb018d947790,0.004784937824083299
ck_966901ea9c77cc02,0.003223679911846731
ck_27d69ff4e0cb428c,0.16769745052630686
ck_2cee2dd7bbfc09a0,0.8467805938980326
ck_4136b00924695ab4,0.0001796877854957039
ck_59a164c40c03a45f,0.0017992116404014062
ck_3e24b026bc66789b,0.0014105054249450148
ck_8105bcf69a75ee47,0.004178967483912751
ck_7a1782cefe26a456,0.037908536461222955
ck_970c7dc195161272,0.0006666963683365162
ck_a48ec0c00ae20e82,0.005397806269547667
ck_54b374ade34e1dc1,0.0024686495293565367
ck_74e5dec189761d14,0.0007447183683729509
ck_4717f24f2c6f40e1,0.016768297272197977
ck_fc8cd8a8209e802d,0.0028118703101906108
ck_71db4131d7efe218,0.0069236725718845055
ck_45424ea6f0bc4650,0.19308699614230634
ck_3716c6181a5035bc,0.009677540866402561
ck_26de14b96bdad4f6,0.003664045154485896
ck_99c0a41ac9c73857,0.0031299544338802858
ck_645f15bbbcff3b4f,0.9911575919451844
ck_b7e25ddd41514d4c,0.0009508118821076768
ck_d5c14e877ca7b755,0.0015728489436726734
ck_05ea4440dac6cfad,0.010725441761624415
ck_c58bafff7b1955cc,0.01741176189323055
ck_f0cf85b67a9b840f,0.00864914533534538
ck_ce1500a7f0d03fba,0.0018597861004670472
ck_d4972a775aadbbc8,0.0031607909707582634
ck_3eb6146c262e0fc3,0.0005054177949620296
ck_afb23858a4ef42ed,0.9805232058227284
ck_2c1def5c91c52a5b,0.6029282377457038
ck_72e550559487b919,0.0031822697012262474
ck_0284dc2b4f856b3a,0.10601700448948478
ck_03be334935e999a2,0.005795050570972587
ck_e35a4b4a3cb4cedf,0.001954556786628107
ck_5abe57dfff4b735c,0.002511052048771529
ck_f5f87f772388efa0,0.021655118387775774
ck_5a22cb36d612236e,0.0019339037427434365
ck_8ff1e6028e764472,0.8972441023392526
ck_2ab28149b0986642,0.11733492282831577
ck_c88fc1bac79fa6d3,0.03483462912122333
ck_5b137d74bba6b1b4,0.0010764461518268406
ck_11f362dca2dfaf5a,0.010450413911200074
ck_7f960541e5174565,0.0009218728847959348
ck_d5458ba39ae94498,0.008137409930489397
ck_0a921a73a90c2e39,0.01117600376847774
ck_6ad56ef40086dbe4,0.0011853449151256793
ck_b68199ecccf2350c,0.0010456358452191467
ck_6dac66c8198c07d8,0.005621708056924239
ck_9b9ce7bebc235fe8,0.0030318939955027366
ck_6b817117d87063a8,0.011741171131523207
ck_900d62b3184378c7,0.0006152376039893212
ck_eafe9b89857149b5,0.002451974003746621
ck_e74716a525ee5b24,0.0009928548522140017
ck_4e9a6f06ab134102,0.019234849854407404
ck_b0d33b5a3716661d,0.0018988332267496004
ck_8703543bf3134306,0.006902679027332584
ck_923d6a0f83accef1,0.011250149850432087
ck_52e37e2170532e2a,0.2083745118761366
ck_c1c5ea839c58958a,0.017187104089039923
ck_660f0006780e87e7,0.004923441793050361
ck_830b2c5d1818ac07,0.05262732508633099
ck_b080ff636932d1f1,0.0005036636409937023
ck_38730aace405f2ae,0.9951865152574806
ck_9790138467a06223,0.00038996401431925663
ck_10de0b0d86b17839,0.0025260161970281337
ck_c3e37a4d3382c32e,0.0020400310646947048
ck_dd8edfefa1eba531,0.0007794560728322433
ck_8153cdadd300d234,0.0005491715451248668
ck_74d0e7c2c6b63d36,0.9242986197896584
ck_c478aae3031bb328,0.002340267433615699
ck_cf301f2194975866,0.011149612722944475
ck_f4de03f44e3a5bd5,0.008057003087772836
ck_b06ce826e593b210,0.030106474930802218
ck_2fc70b6baf6a0e26,0.003240572340909316
ck_d208494cf5c90047,0.03962316806682965
ck_086d29ccae565e5d,0.001233989085793487
ck_d5ef6dc116dee408,0.0021029724759203078
ck_fdf0c5b722d83464,0.003844708765832379
ck_de8494b13adeffb5,0.0018582110089741914
ck_556786868599143b,0.01064073398772749
ck_4940e78cbdcfecf3,0.004354070192056439
ck_d32fbbfe32c00416,0.009926319263621742
ck_bc7710f7e9fae649,0.004749004023582846
ck_416f7ac57da081a3,0.003367213896015226
ck_6fb39b60c67d5475,0.000979630833290906
ck_e40a156511345d6a,0.0009057024518300033
ck_49ab879b5aa7fccd,0.054960469748239295
ck_bb643194d1cbc47c,0.9881470411288523
ck_b3ce8f1bcedfa043,0.005717276902621117
ck_558ebde8c29132a4,0.00393167554856585
ck_e6222925762273b8,0.03019194910734707
ck_bd80546b4807dd59,0.010449385785150325
ck_bd21164bd2bbb635,0.00783389112840143
ck_ea835557d7043667,0.002590060299356537
ck_1411a80a157ff39c,0.012391384485587143
ck_ab973888c20c9120,0.05561350162224693
ck_95b48972061abe82,0.010616131960875578
ck_fc4a43f8876bf10f,0.8432119346299614
ck_f34fb7ccf82f41e5,0.006693429151283721
ck_5af9934a56801ac0,0.004141832105207804
ck_fc7445ec76389a58,0.8118162287242884
ck_1eeacc26f02fbba4,0.012635996788593257
ck_4f325dd15c9bd45c,0.03454023490534508
ck_5009a6c8bbaf15ba,0.017558443714204806
ck_0f3de7f074bb33af,0.002776746981167706
ck_2cbc2f93a32eede8,0.017614594984849824
ck_4bb90a61c21a303b,0.011635791113180943
ck_3ade9eac7d7b0dbf,0.21812283448614406
ck_4859a58629622915,0.011751824630234851
ck_5fed957287ebca03,0.0004696645321502632
ck_ec01ae5351500355,0.0035486124601662324
ck_703b41624ae6a5b6,0.001235832539601328
ck_97c38e7f61c27e47,0.010058163568883024
ck_db2c0908150cb2cc,0.006158318598557872
ck_64ac5e6fed86ab60,0.9568412353760578
ck_da1c853b0a061e83,0.018126125145641873
ck_9a36916b60178ded,0.7394104337454526
ck_3715bfa7fed2c675,0.003520692853511806
ck_dd3feb77d7d4f6d3,0.0016715893473283675
ck_982ebb24174a4ade,0.024862857152952868
ck_f6b7a10d47dd9a1f,0.003525291197406598
ck_1f56fe99f250cdf4,0.013954070362270579
ck_deb3ac0606d6f6db,0.027817757126116848
ck_e666629e5a41b39b,0.005838284166052934
ck_756d2c13d02b3e09,0.010277263251184374
ck_7bc752ae7cf5d55f,0.0024611130695041195
ck_fc0cc4b25e6a8194,0.0035550466346621914
ck_9b2b0e286de78a1b,0.005394427020953979
ck_24b0803447211bf3,0.007576738542559645
ck_82eed68d05a42128,0.01808872526604286
ck_c8a03c516ed5b05c,0.3256279501898437
ck_e914974cee1bccb1,0.0071413383460411746
ck_0c533ff2d0f9962a,0.01605986443983736
ck_c12805fa5d970a83,0.06929368517011061
ck_fc2cb29918631f10,0.0500420583833142
ck_c20e89afe575549b,0.0008658441945837038
ck_e1ff9e31becc27ae,0.015196258500453941
ck_18116d0ac08f1996,0.8942925925297527
ck_885a83975cea5e64,0.000783216228118041
ck_a0c3059a959ba5d1,0.013316987536614661
ck_75257ca7d7da2861,0.01688027399801317
ck_2210f7a0d13bdbef,0.02231636851637469
ck_9cbd9ecf8374f65f,0.0038216888838515685
ck_18f67c00ba21fbde,0.0027304012541328605
ck_2d28f14d3973d8fb,0.0003917244652641103
ck_8b3401b44aaae728,0.002093441702751679
ck_9d8e9ef37797d3af,0.48202891005634746
ck_9f50920c894f64e1,0.009988835284582293
ck_4737e0d56c6fa0a1,0.007291940268334175
ck_52c311f29ca3aca9,0.0003752403738829809
ck_6a4981bc721df37a,0.008050233959989888
ck_823539d936c55fc6,0.00160434517217333
ck_df5aedb4118020bf,0.892010961116552
ck_a911a066ff0f7b56,0.06390900817365924
ck_684609767df4a14b,0.0576895228360058
ck_f2350bf355dc919e,0.006788184569990571
ck_8452b6cf97c65a5e,0.009317219091038878
ck_084cd84501012218,0.23488334938806296
ck_ace6b72e5bf3e93b,0.4292700410375292
ck_2afdd69094c955c5,0.012329862485891605
ck_fa7d5be26bf7b31c,0.07422479572712999
ck_4b041217690fca2f,0.012910409223647784
ck_9fb8e3d38cdf276d,0.8987281305468399
ck_c1ee56d65a42f59f,0.006558431543313518
ck_fdeaa1cd085691f0,0.032909949492614
ck_5de33a7a87e9aa62,0.025225668188530965
ck_7476e7fe1ff45545,0.013480685252920257
ck_b0a947b498e47018,0.0052102653108898715
ck_e3894ed88a7977e4,0.003044193843102511
ck_c7e07ebfb0bc15f6,0.021630653716710073
ck_3a3daa8b376f2a18,0.0014014352229479996
ck_87809324c2675b0a,0.014287242116712753
ck_7eb4f33260f1dcd4,0.004055736543776128
ck_ab9f0e08af030060,0.01369561942217146
ck_5b8fc4a76f340797,0.015774087222096594
ck_0e7bf10ef49aa818,0.01411421566403431
ck_a44462a3853ac67e,0.9918167503135423
ck_2d14bcd2e0fc043d,0.001092018142655568
ck_df1f2dba802296be,0.9081411632029344
ck_466a7316eaf149b1,0.008448696183853275
ck_50df50af592b0c06,0.0030192759535628234
ck_5f9e34c849704b95,0.0005401496846946713
ck_7836bf6def26aa87,0.013113269041285758
ck_ba175b1bd8efaabf,0.0032057520321838043
ck_1a0aac7f7b94b1be,0.33360773551332423
ck_6768c4b2aa8ce586,0.020102020990350616
ck_eefcf0ed15897898,0.005855427808339547
ck_7a6cb27e390b6ceb,0.00557048382880915
ck_5275be4e1577c1c7,0.0020600354436168746
ck_6bc0e5b8c0b7d2bd,0.008415504898275791
ck_4874bdec79f9106c,0.012003516211194606
ck_a678731156ad7bd2,0.33895048843706743
ck_db906debc36a5d1e,0.013906732515612053
ck_e87897767c612942,0.008291668756832791
ck_45ed5ee496ef8a67,0.0018213908585895272
ck_ae20e28f9854f3ee,0.06672213328210747
ck_9ee044b73943a90b,0.004600257940452662
ck_dab34cf6f0626c9b,0.015475379727359165
ck_64a02b7b96149810,0.001113415560830942
ck_c417d06f3e94685d,0.001078450782193155
ck_3e0149cdee4cb294,0.046562663507634654
ck_0e6046fc30f81705,0.009467053801515263
ck_c383aeabd53e9c89,0.005605289089452026
ck_2ef76f1f36e8b869,0.02299492369560354
ck_43948784650bb9ac,0.00902708513131877
ck_bdb966f43ac350ee,0.018507491104804284
ck_5bea0e0ee0b094cd,0.008965560098971908
ck_dff090f03ca5529e,0.0015828794336502565
ck_a4691b57f837d88e,0.008642659112662114
ck_99ee90946395d74d,0.8839864609233578
ck_cc81dbc83a8879fd,0.005123332704068695
ck_f3dc0725621b3a35,0.0008459601516926388
ck_1bb212d1288b9689,0.044136616332239656
ck_9e7278fc7679f002,0.008227346386837819
ck_3ded7a8720d7e311,0.0020445563227795807
ck_798157bcdb9453e1,0.0006660411289040998
ck_9fba80f56f357fe1,0.004500827625625299
ck_f1e1c8491f16f912,0.003638861927524791
ck_7b1319a5ca2f63c6,0.9502825608947296
ck_124432fd5c92af7e,0.9248991011687895
ck_148cb0c723284dc0,0.00944090906218092
ck_b56c62c950eda009,0.0010550583176409912
ck_a0498755cd8d7188,0.00040139918897735296
ck_5379452a9d74efae,0.001475373096400228
ck_6c2453229d608183,0.00391342754536782
ck_f9d8b4813a88c1e6,0.004668374236321874
ck_c2c7d1e45a521857,0.01844661086621079
ck_4364a83a11743888,0.0026683595494599094
ck_2cdf5fd97ba75e06,0.18367522391536809
ck_71bc01291e0533a0,0.004894347290014437
ck_a725d7aed2a0bdc2,0.0013509541442434858
ck_a9b0c4dbd7db6a91,0.01629147387575019
ck_a4258806a533efa9,0.004555441063831617
ck_905e460591d9a278,0.08412664809277877
ck_20de8abfd8960ee3,0.016912387034032327
ck_252b0a0f1119b220,0.0008685435091313056
ck_95e4bef65c36af1a,0.00044893371062654854
ck_5ab68b434ad53fea,0.0014394466682074003
ck_13677a1957078827,0.0015241852495293602
ck_d251e9fa09e542dd,0.996211587462734
ck_700cb620f300dd47,0.006532460221352449
ck_39a68c55a1bd3ace,0.19754328730698356
ck_61a59a7944d6c53e,0.6730060537089366
ck_db6d1c6d31da967a,0.001820298795976883
ck_650020c500b1b50d,0.012879833959127812
ck_d812eb6930192793,0.0008677263526845443
ck_92f6ebc11ebca89b,0.02686871189246518
ck_d87e26eb5bc84b01,0.0007397105392285437
ck_66439e697695224c,0.0017349621783224114
ck_f21efd504faa654c,0.0010314098345388897
ck_15eed0f5652f0352,0.0028909250879762894
ck_bcdbf57d98dc0d27,0.034254951236862695
ck_873ceb8004d3a9f7,0.030531722346684692
ck_70bef9ddd4bab005,0.0010362279892420527
ck_7560f1891d66f294,0.0006725511413421701
ck_f439f16f8693883f,0.00845955695707162
ck_14f9535e53f9c7a6,0.0035909408995702524
ck_5984be472d2bc267,0.1925412401428095
ck_ed01be7504dc4187,0.03150400555794696
ck_dc3d8b5c17b67ae9,0.0022398426730078345
ck_9dc23031b6b494af,0.05445477500775505
ck_fbdac0221bc03f66,0.016002233076218935
ck_863708a99b92ef0d,0.021844602750052393
ck_22b52654776a1ea8,0.9332070533900112
ck_a0714f98001efa0c,0.017144743096634985
ck_9c56114f84e9a541,0.003936303867920527
ck_e155cf506b2fb699,0.0008996274472457073
ck_65ed7e72f24731e7,0.0016842873424003893
ck_822d6e8e43befc72,0.9546657764012977
ck_b1182471d9ac6b26,0.0013143675847045503
ck_821446adc95e6da5,0.005446263789269164
ck_ff182f033134dbb8,0.06680925905499643
ck_9c5feef7647b0588,0.002594126448223012
ck_df935d8bdd44883e,0.005868811280775346
ck_01eb24c18ad11fca,0.14093442488940283
ck_00d6730134a1eb51,0.005466136517817434
ck_79ba8e85678d0224,0.0030181563682755153
ck_97e3b04a1350f6e4,0.039197508654318966
ck_74e9747954a46eaa,0.0031491078741182565
ck_397d5fcc9972f909,0.0452271571242039
ck_9ede89e8a43c3f53,0.0610953143986396
ck_303b33910d67f306,0.000967538906555861
ck_3c17841636f6f7dc,0.00475486783037272
ck_78730527f8ba1438,0.07073781952019545
ck_5ee32bc6bb5d1d4c,0.1497837363196795
ck_a13fee8cd925d0dc,0.010049529080169518
ck_6f847263379f2e43,0.009795882631149408
ck_9b9d9e579e7b55b2,0.05325375499607134
ck_87c1d0a79e79c84b,0.020491685806532847
ck_bfc453eabb472f91,0.002186872093453176
ck_978c21bb5fe3171e,0.019542832737384743
ck_dd882323474431d4,0.3121632121466683
ck_533c4f7400d5ab22,0.06341867299186046
ck_5f217bfe28954e75,0.9864896848738471
ck_ae96d35465b3b4bd,0.004415144311706434
ck_512ebe97c0af94dd,0.025235717158271626
ck_f558fe02bb0219b8,0.005119001845114024
ck_84092e23d5ef4d51,0.041266655250312013
ck_17d3022ca12eacd7,0.0032106637552909525
ck_8a8f81bf3558fd9c,0.0062843569788820055
ck_0ada6fed1864e7c4,0.01375519458482194
ck_21fe7bc59dcd78fb,0.008438280997714183
ck_e136e20c1c74fe38,0.0058969755628611445
ck_e7a530e09d113dd7,0.1967642032546424
ck_7cb0c9ded4d63027,0.009964005346827133
ck_102db9615e722c9e,0.020320519843427722
ck_129e39ddfde92eeb,0.0008352379590100354
ck_d730ff21bfd7769d,0.004186571780240791
ck_54459b45d2be8459,0.0005053393871932287
ck_7f1c20319eb60aa6,0.9920331429762662
ck_939fede90473e412,0.0008983098459430358
ck_e0f9506a6d5f4a1a,0.0014573837224302658
ck_9a4967cdf49265cd,0.11405313214247781
ck_b9eaf03453ac7d5f,0.004290646627008196
ck_522477be6376b450,0.0017617038392333602
ck_9b6282e3bad50710,0.007157492261627968
ck_a0e3a2facd508e49,0.011960253672919403
ck_97ffae702f7c3d08,0.0024439021695828278
ck_344a95cb7115ec67,0.0018060313413357759
ck_1f2760764afa45e8,0.0014881491408346847
ck_720cd658d11ea428,0.029086788712747995
ck_04e32ee9834c088d,0.8502392235424123
ck_2bb1389e5e72c8f4,0.017421286764520268
ck_961e7dbc217cfbbc,0.0022298680556293417
ck_f3bce4eccfa6d6bb,0.0026411407721424187
ck_e0ccfa0d689339be,0.010098264602817108
ck_98217aeafa0bfefd,0.009917224672226083
ck_a02aeec1914c158a,0.011840892401804923
ck_20a17e8f206a14c8,0.02645036653874628
ck_114c32aad4b6183f,0.013752772505206174
ck_79f5198f0decef20,0.004802277356866365
ck_2209de229b4c71c5,0.012145893954357334
ck_6ee939b7f396975f,0.0031211915508873554
ck_202f0c14b07ace01,0.031925776717238216
ck_fa24db9d416ab904,0.0025902879518273835
ck_cf6aa24b92c4d33c,0.7748735977338418
ck_45f57fb8194cefc8,0.005905079105191606
ck_d5eb179dc45394c6,0.007776876122830433
ck_efb24be983342f75,0.004156342439332411
ck_245f5d62ead5ef28,0.0075190861073906375
ck_15fe2a47fa7e92ea,0.0032624071629397595
ck_b6527a85fd682554,0.015217064013551834
ck_11f9390a11ce9ff5,0.008014863113682573
ck_ffb4d892c5158201,0.001016358510034232
ck_d4c1da5a1427fd6a,0.13369153091247948
ck_2c041b1efb1c5063,0.0033000529480714546
ck_ecc18f40b33be769,0.03848528680400995
ck_0525349f3945375b,0.039240123779679496
ck_0bfe62e0c7eab9c9,0.009991059228857253
ck_b7c37d410b1646c2,0.01101595427022852
ck_4b15b0746318cf42,0.09326736348889668
ck_e5ee006ecd8ff661,0.014982893527451363
ck_ccc83cf66365357b,0.03879171064296843
ck_34a33ffe8339f66d,0.8998255550965814
ck_4e39e3b165edab58,0.8785591920786275
ck_1a71f8081ae00190,0.8527317889663164
ck_ed8f1200fc049c40,0.9587551044512048
ck_8a5a57858e8c77f3,0.017208288806931406
ck_fff9fdc2adf5100b,0.96989866268089
ck_c76f1bf40f3b787b,0.0004923740947308618
ck_1a6ddfeef82b1b1a,0.003302591511064336
ck_478d2667aa9896d9,0.002651014201782885
ck_641c8e7694b21f3b,0.0033229047463651726
ck_293581d879f6663b,0.8241463764378567
ck_1bfa8abdb22be8f0,0.0048829110551892735
ck_05ab5b03d0bf9ce4,0.07324986977123786
ck_35694db37f0cde7a,0.0006193174443634659
ck_fe33eb743d714c03,0.005098066336048249
ck_abd10fbcbaf2b038,0.003555878340603702
ck_46d51648c1bf80e5,0.1331931580854543
ck_5c8390017fabfaef,0.02097021275637888
ck_87d55ca333f22072,0.0004146989218821159
ck_c39c6a1453e2b92c,0.0005163679929690594
ck_69ff1b0aa143a168,0.0006619304067834208
ck_e57c79eaab35ded7,0.0019343042202266008
ck_463ae759e2b6ad1d,0.02024751052261581
ck_0dae4a7eb587f3ba,0.007596781669631586
ck_9b12fb56529ebc4e,0.0053895454937434965
ck_1af547077ba2dd03,0.06407734302573141
ck_de13de941bebc7cf,0.0010821449306586148
ck_83dde7da2bf647ac,0.0018038840489903827
ck_c80a94d4660041fe,0.010428371993900275
ck_f39cfeb277ef6528,0.0010050440990258369
ck_1cec1ed1512a2d3d,0.000675229114227163
ck_7955a359b6448799,0.0030338887690275497
ck_8c0955dad13c3ca1,0.002597060386826346
ck_6d4cd2de601a2308,0.007218150574359604
ck_f4536ba8dd2d551d,0.0098507292134324
ck_b379c198d6db2d62,0.045085565848649437
ck_76ea90ebc74bcdc7,0.0103538893053833
ck_734f06bd4aa92781,0.004313991837801662
ck_677e1d0c14cbf569,0.0016790853887322112
ck_259271c70f3fbcbe,0.04527044171161597
ck_c0b744eb9e7d4eb7,0.007790518611076919
ck_3d41faeb96802f68,0.0008565422057788678
ck_8f604fa70fc3c8e3,0.009912391461765731
ck_0b3c3bea0e0ed339,0.0034280958049365874
ck_be5df076b8a86409,0.002152379745545818
ck_6a475fe324d7d790,0.009870209097245172
ck_3ba3fa5387bacee8,0.0003438396315554516
ck_324b9939d9c1c31e,0.009677542576783008
ck_a7fcf7b592f68ca1,0.01709640512495183
ck_5b2728f7cca414ae,0.00033642280186781766
ck_5f4a25ffd0b85a47,0.016247066629221322
ck_63d4f5076fe4406e,0.0012723909837604463
ck_af528d66c86f0cb8,0.41237595338875865
ck_ac7cdb9b8da7b5dd,0.004982922777882551
ck_3bece63711407e25,0.009094937966621948
ck_d4e0b2a12fcfc35e,0.08903561820257916
ck_ee3e7c9d3a9c74b4,0.03548646541186558
ck_50d7c4dab837bf66,0.002132519023063553
ck_ebcb93a2990fc914,0.05778116637791079
ck_2329cc9702cdf7a0,0.043056237378636175
ck_db1fa53d588bf99e,0.008188038944939649
ck_44e57a0bad5a0745,0.008960408002045792
ck_472c81a144f4631b,0.0015230109429496515
ck_1658429acd5306ba,0.015600730952282949
ck_466103ec5bd9444b,0.006923376087759546
ck_9757163e25262b74,0.016719521778074935
ck_34ed59bc2c9b0186,0.001433371211468236
ck_b7bd3a7f263f4f29,0.0077292931409522255
ck_149662b09d632e41,0.004334245508359494
ck_a9ffd6b3957bd41e,0.0011483125181399193
ck_ab80466ef615e85c,0.0005742800962794273
ck_f2c824d3473db24c,0.0043652879385903
ck_a4a01fd45936b078,0.016863146316455115
ck_8f6ce158c2902877,0.0006552039137880646
ck_5189a302cfa7cefd,0.0003401801831670058
ck_430a3d03be588201,0.0012877125651666586
ck_b5f9dd00914b4db4,0.004292942548963126
ck_52dec82e9cf6135a,0.0031427891268525827
ck_95e444a01e2ab4a5,0.003920569147083203
ck_e37cee7b123692af,0.0077003743573536825
ck_d68d42858a55adff,0.019646765619029637
ck_3abfc010091d679d,0.024702290539762948
ck_cee4e4e1b62bf82f,0.006838203400251257
ck_9ccb17c35e636c5e,0.004943673463595717
ck_f72a5a3b0d6c1177,0.0009373096336393617
ck_7508aa554fae6afb,0.02466768521264809
ck_003aa842b7ca1d77,0.1929835251627181
ck_83b2b192f41ee2bc,0.21988159776510746
ck_64796b6b2c3c7f06,0.006010421979437059
ck_6438ae81d43cb196,0.0031965230093237624
ck_2bd73d9098504760,0.060256624550335834
ck_aa8b9b36a099e4c8,0.01048554036730139
ck_e5ece47d0dd10526,0.017567733855496426
ck_16077ac345472e6a,0.0013983417952715402
ck_a4d6e152b0076964,0.0021976221832814774
ck_d90b1d03ae151f62,0.005119357475212546
ck_18b36d342b530af4,0.006577211760910115
ck_2a01e610348b84f8,0.027805581666650876
ck_0a93ed76bf36c8b6,0.005806613092192119
ck_3d56b477fe2370b6,0.032682797421348594
ck_17ab3068fa303682,0.0008359691911790296
ck_592a3520d841d11b,0.0214756383528033
ck_84d07028b5fca2f6,0.007222486504505852
ck_f4a2bb10afa85743,0.0034881970506920727
ck_4fe4b072f03f2c1e,0.0007795616893415806
ck_9ad08fcc183ea1e7,0.0013206843776542572
ck_130d3848b9dcdb05,0.004736774851581522
ck_bb399ed6bf28c230,0.012310764012866984
ck_a31a64a39a2c4941,0.0011301901078452988
ck_c49f25dfb39909cf,0.01243152389320169
ck_55f50a9ae2db8ff7,0.00785870086738075
ck_09faa4e771cf876b,0.004052945524877617
ck_df520a7a6e405889,0.015511915680100085
ck_8c8c98cc694ac900,0.014257113048133683
ck_7f0c4f609673ef62,0.012621114621716981
ck_f51fe59cd445d2cb,0.0029896666638848366
ck_b3fb83f0d772a831,0.014726695794476542
ck_d6e7e257751c299b,0.0009570467359967862
ck_0d362ddb4a1cb6d4,0.011525836280359783
ck_a574a08edaf81781,0.001902087119917043
ck_a823f5bcb0e4b9df,0.0010131272640997754
ck_f792586ad0381eac,0.011362280427741159
ck_54bfd70022c66983,0.007769174493221629
ck_fe0a9372c9372de9,0.0015331515070342546
ck_5691cd6fdb6d8147,0.00374020927787449
ck_a95f212a02433d23,0.0029690127989187957
ck_f5adad75e1c06731,0.03054051984034716
ck_e09c97520eb0533c,0.00433893596466367
ck_a1e13c0d58560340,0.0006434071445609925
ck_cacc2ca410cbe80b,0.011874006558089062
ck_c0dde2a6ef1e08c5,0.00130912245837073
ck_a04403073c90ce38,0.0012381325246731566
ck_03d3026107175dae,0.03293846921222805
ck_50176dae5b1b716d,0.0035685657012097674
ck_6c084bfcb38e96c3,0.018047994745873715
ck_36d2be9012f7909e,0.0079251646210322
ck_958acf84c6137a22,0.008154876735632593
ck_114722e12db90a73,0.0024971466173272887
ck_203c2a22c0c165ac,0.003348901003200039
ck_2c44ca550e5cfa82,0.011643213030902573
ck_df0a8f20ab8f14f4,0.008340360609405535
ck_826a27ff7555192e,0.010485927013830955
ck_09a988ebcf062297,0.026345500674231463
ck_5c82444b3b9160ae,0.0032731080763341246
ck_f6a4a7ed27fe76fc,0.03358954399553833
ck_17de46314b5c6a92,0.007630438408373147
ck_335e63101b1e6c4c,0.07000153810009864
ck_c5eefc0697451de9,0.011903082472183454
ck_49a0efb5d4067b6f,0.16699724940002958
ck_c1f4509c8f5dac5c,0.004175073439955746
ck_57658eda1c59bc52,0.0036784512104134034
ck_0d5c0736ec76385a,0.0003431995966968493
ck_e0239e6ae30795a7,0.006807515765480937
ck_e4459115cd8e5e4f,0.001568888228837962
ck_bb4aec09d4968dda,0.18783908870275398
ck_a1b4c96faed3e0db,0.06834935726745099
ck_8247b79ac67aae7d,0.0241889183404769
ck_fe2fc7d6e5d83f09,0.0009284156755589811
ck_f6aea576cde8d592,0.0010622643465960269
ck_b7e7f7d0cd886412,0.04475027234280245
ck_ca7b993e8286af7f,0.3544529651561741
ck_47de038381a9cd65,0.008961550330667629
ck_d38f941d09eec820,0.01590921075617437
ck_d9ba2a6c0d926b4d,0.0013508221673111985
ck_cda72f597330d0f3,0.0012258282793216114
ck_16d2d27fadeeacf7,0.0024163614893421706
ck_be05447853d423a9,0.00085078311974776
ck_cd92852d7376a4a8,0.0003442683817554173
ck_2faf7ecccc9fec58,0.0004081367032220683
ck_db8733fd92f20cd7,0.007764385522952366
ck_a9989a3a94c26634,0.008688873880599276
ck_957fb25437c75e41,0.016673921747387587
ck_e6a6caf6e7de17c2,0.002260103771580618
ck_f7bc569b37e8bdda,0.007833742481326674
ck_703b375dd86a6124,0.0107239867429899
ck_d3cfb3603f2c6ca3,0.03141870035591554
ck_07cb2b6f2a4303e1,0.01848300895756586
ck_31631e2028d4f855,0.002909273718146917
ck_1631bab0ba1256db,0.03200990850274022
ck_5fdafeaec036f016,0.008843538557481498
ck_6eda4c36aecad602,0.003324440702417103
ck_bd1bf9e3e29de281,0.016068952965125644
ck_bf378ea558a4125f,0.885982769974909
ck_7aa2deeda0e57412,0.9905702098073595
ck_d229cf7f5a3f38ca,0.0068681016832173964
ck_9e109edd124492a5,0.0011450915719250637
ck_779491819995625d,0.5001396099727862
ck_b89c6fa2ad0a12f5,0.030222056047904917
ck_1d01b4a609918c4e,0.7856498103721548
ck_714c5d7cb17bc9f2,0.00208914510607114
ck_269f1746f2609ed4,0.008460011957308817
ck_4be03a2aa62b93c7,0.0009402474253690958
ck_cf920313f6dd28fa,0.010643228950814963
ck_fb00aae4e17740c5,0.0011759429909209331
ck_085d8c42739e2b10,0.9949168930097739
ck_c72a7d0d03cf3e17,0.16368392095815468
ck_8f6ca5d3b17eac6e,0.0021878113291797464
ck_d9573100bbff4014,0.3480070612918399
ck_79d6793d1d0cf43c,0.00086046369579095
ck_91fa5032f7aff0f1,0.11747374734148326
ck_87110d84872c0fed,0.031064971153992427
ck_8220da627e9992a5,0.0008562119096173551
ck_2ae44938847f3852,0.02127824659739584
ck_b0f191e44f9b6f35,0.01546602667752035
ck_3049d744b527f4d0,0.0035366345697467614
ck_47d3e8d1dd3fbcef,0.025215205557018745
ck_ddf787359d2b5deb,0.00029857413393694434
ck_b27a9e39726b26d9,0.0012696007842394922
ck_80c4e9274cf976b6,0.9875087513523397
ck_c6afa913168ce8fa,0.002178287113114659
ck_52427b3f8478db19,0.0217198118991834
ck_3b810f15ca0eaa55,0.0020934819539194754
ck_0c9e420f97baaa06,0.8353037552954194
ck_f8540cf3a8b2f8c9,0.05792113987526996
ck_1402d24dd623df72,0.003432582462510228
ck_eb4f4267e24d042c,0.002810152988273018
ck_6f661b428d6fb8e4,0.0283795651969871
ck_519a26ecf3d29c90,0.001420018359673354
ck_e886ba71d4a6fd73,0.04497884651314794
ck_437f9ecd2016a1a8,0.003062822089480505
ck_f01af1b0c977cc06,0.0017631062639056373
ck_614f777c2eb5d537,0.0017121988667577117
ck_b804e784cde9af8b,0.0038917412289652454
ck_c2dccbc1b24b137b,0.16610020979652132
ck_1df4a1781a0f6999,0.008585139896289165
ck_bd2cdd53fca26171,0.04393848761423118
ck_424c254249a109f0,0.00911315494087512
ck_cf2ca4f286e289ba,0.04254597474252096
ck_6c33cb15b0d8af54,0.007348734455408004
ck_311d395fa9b8550a,0.007014069689891022
ck_9f792e7e721ff7f1,0.0009513656941318157
ck_4c37586080edb7fd,0.0010486059646717396
ck_7c4f42c5397113b0,0.0038417936423690256
ck_fc418f53ce4aa579,0.9651641769431016
ck_1ba28fb7ef726ce2,0.007517053012384757
ck_d932f98bf6b83956,0.060626715373311844
ck_248b3659a9239240,0.007119425175595845
ck_6a92cf5f4cf5de38,0.009414326731616405
ck_65519d0fb137e0c5,0.003332135947654751
ck_ddc3fc99eaba2064,0.031037556832039532
ck_7310cda3bc65a73f,0.002995250613569883
ck_c01c85bd631d4054,0.0013423005662759775
ck_b4954d16b9749829,0.0066304491788973935
ck_f301f6758e170d66,0.019273193305416957
ck_9bf95f8c47e7c7b4,0.0029783938375829333
ck_c91b7fccf6aeb4a5,0.027845539991341796
ck_785fa45e86bc5e95,0.004074505047975289
ck_2a65f1cc23f1180e,0.0012272841099730091
ck_a49a2c1f881a3560,0.005108096269985822
ck_def344d68f06d749,0.004572647131356815
ck_abbd1465fc730d78,0.0029216944961987334
ck_07a5610ed28162fb,0.013538398968586562
ck_7ecdee2d7127be8b,0.01108957578420686
ck_67858bc00e81490d,0.0008631125485777265
ck_b4ad165ace910222,0.001896657978019595
ck_30753ffe481a1b8c,0.4915203034041271
ck_c401a26725b17177,0.00047841663418926844
ck_819988d8a7f26415,0.0027051094705429967
ck_3364a1d9261b3638,0.002010346398554168
ck_c484c5bda389bf20,0.001256256430633896
ck_ae416325fef92c9d,0.9581147199689696
ck_5517b9a865960542,0.0010087310984320385
ck_a0e96fed380440b2,0.004189815759771381
ck_e83409471d2b0b44,0.03119680711714267
ck_127273af97d7827d,0.004202571485146256
ck_aaa9861c91bd14dd,0.003477652774845278
ck_a378c58294001a36,0.8628032336067267
ck_abb9d65ff1f95b64,0.03580551134376856
ck_a5ecbefa849ae569,0.020371874672975115
ck_aa9953c0ca2bed7b,0.0005329975104037636
ck_40bc6de252865f32,0.0018951103626375283
ck_9fb11688dcfe1513,0.003404048654863263
ck_ba68841ca2ba073d,0.010531841969334715
ck_1d3e561a7d20be0a,0.9902675893213326
ck_99a92d710a29c1d0,0.0015064428865727145
ck_ede2e887697ffac0,0.0011264506425974438
ck_e6de67c0d82a7b83,0.015223718949434977
ck_6b38763bf5ddbcef,0.011661944414338644
ck_8dd44eead7d765a5,0.022891751483333236
ck_30bf5b0056eea9e9,0.7888057152547225
ck_2981d16f8a51a8ed,0.03217963010212256
ck_fc60f42c68c7024f,0.04813777643777299
ck_8e2b2251ee224aa4,0.007311718197223573
ck_1906f0dfaf6e9bad,0.43873431629184567
ck_dcbe6814fc4ca0b4,0.015791527059891407
ck_f7e958a286ae3b57,0.0015810170109995657
ck_713649668a7ca824,0.012595369793389165
ck_6f73cdbf9305e2ea,0.01081688453901361
ck_dd1c490050cd9051,0.015529806917144364
ck_e30db36e376606f7,0.021247839889987578
ck_740d8fe8028b5a2e,0.0032319439602195707
ck_ebbc9418cd41f692,0.0011420442047713262
ck_7b3cc6cc3f250f39,0.03461937252401695
ck_1d30eef7110809e5,0.1502777278673248
ck_77e0589ab339ca66,0.0029216085922641128
ck_15ccbf8ff7d14086,0.0026914335936320624
ck_246989b0c288664f,0.007821518751735024
ck_fc2a6e27b10b10e9,0.0008857182825020217
ck_8afc1112c12f5402,0.004391716489307263
ck_a76e8d83b9141364,0.035058153374483605
ck_51d3e8dd7465c015,0.0022135153076172963
ck_e7b4016909405981,0.0013890092638008775
ck_e7a3cfb9bf908e80,0.022446870178181644
ck_2bb49dc2388cdc1e,0.002053933125923925
ck_94f4266ee7871345,0.0035046129785084672
ck_b2c896beec146477,0.005174490849873646
ck_fcf5d4a4748cdd53,0.00326238309113176
ck_fd0483639811f62e,0.0675338497397964
ck_9a21d183524734aa,0.0298705727288876
ck_1df4b46c0a4c317d,0.018875313748598806
ck_638df9e8a22dfe0b,0.001951809798676128
ck_65acc43a6dc3e65d,0.0013494007920881543
ck_7c67b73196e3d0d9,0.005366640566635763
ck_b0ee3a98175b462d,0.000937447501982016
ck_20fad010969f1abf,0.0007594891875761265
ck_54b087bd873af8b8,0.006628334028019647
ck_8007824431fa803b,0.0007499536216448456
ck_23aab322810b9fec,0.003727560568150069
ck_c8001bdb9aafc8a6,0.0041847259418591855
ck_3a34c3ac83cf84b3,0.0023592393208407393
ck_60187ac2c473a662,0.985623787603864
ck_6a0ccd7357979f0f,0.06500845401735489
ck_27f20337bef5ffe0,0.016410229778004364
ck_f9fc468915afe49c,0.037128213766848384
ck_1eabc15a94bd9009,0.0020101968724988506
ck_26896c494b2768ef,0.0057876684394961185
ck_348c874eaf0354f4,0.006163319873201562
ck_be9c46acd216b45d,0.014615365271383535
ck_a3cce46d15cc20a2,0.015708797207631492
ck_70804f60d9704128,0.0742246072920971
ck_a019151ca8e7527a,0.016602314467725133
ck_571133b2aa8ead51,0.006138164415995711
ck_0afa4449f20d5196,0.003549627012232783
ck_4d503c41cf4e5034,0.007095794740551454
ck_d6fb9cc5171e3e9b,0.7948101046014744
ck_05ed92a7c3e10e5d,0.0058993375451379445
ck_bfb067986660afe3,0.009042321008588716
ck_c1a31690c8573226,0.007342793345988788
ck_cb88ef3dc1f42225,0.0007756934860326496
ck_21e3b3bd998745e5,0.04069339356627099
ck_cf52e46fa54e4540,0.00042204757514546055
ck_b72c7ac4208052ab,0.08532266759939047
ck_e6465c56b337e6c2,0.006273743033111507
ck_5f87eb05d18186c0,0.0035035171661026328
ck_263f6c5ff26b5e98,0.0010549914203680213
ck_e0b7e2c0bbe228d9,0.0015302358789472663
ck_b657ae3c146cb7bd,0.005153906800326428
ck_abac514d8167ea58,0.008993605608228376
ck_024dcab126876002,0.0032667661568595817
ck_5d8481e2b38bd99d,0.023465455298252537
ck_edf229c17d25dac1,0.1781312444957434
ck_6cb7c97b72d6b5d3,0.0041021926955569585
ck_c96ae2c28086a059,0.01036289257134489
ck_2f241b97c0f8389e,0.018431084396557336
ck_9158bdbb63ee8987,0.0089867353453281
ck_e7b40b60786c1530,0.0017401722564053042
ck_66d38518f68e6194,0.0005268926998122353
ck_8c9b57ad2a991416,0.004801064812580675
ck_cc91bd7152d3e9ba,0.011508303662355782
ck_0d846660c7957a88,0.002191942002919687
ck_60896cdac2212bea,0.05905154781538493
ck_dc4db8b932df49de,0.02980018736270678
ck_2dc31db181150e20,0.014612758067748529
ck_2f138fce1171e277,0.001779940827217222
ck_68b8b859a6ef505b,0.011943771610031507
ck_c3fe0c6c5e1f40f6,0.0023943314036296054
ck_15886fe84866de92,0.010457893951590864
ck_ea269b35406473e8,0.0011440078322990659
ck_3ce7cad1f69b71d6,0.008516287770414403
ck_054ed4288ee58d6e,0.005303313452695949
ck_3d4913a86f207fee,0.02664454713127511
ck_23ff85f9d2355e8d,0.0064600898684693655
ck_d87ab3261322216a,0.0004796885378043882
ck_fac046ce336fe39d,0.003930991606234389
ck_beb97e498e6cf8e8,0.017414758383625252
ck_1f517e0ebf397b51,0.008169300546497858
ck_0af57ebaa45877a1,0.00486018346976242
ck_f99bc1732ce5e999,0.010531944040717922
ck_abb056a9deab275a,0.00786828986059746
ck_0bfc394c5faa65cb,0.003351850851188349
ck_ddc865af1dd5670e,0.01889538406095951
ck_68b5542459638b56,0.03624359219908668
ck_0b1d84252c0b46c2,0.0013750807443096516
ck_520ec32c4f253604,0.02013191736294494
ck_79ffcfee599d77c7,0.021943415625186775
ck_eb224c0fd146253f,0.036462656440007395
ck_0e477084434da450,0.012438955492897707
ck_07840bba5570785b,0.005777769906635301
ck_6b67fe8e310ab865,0.02373438616306574
ck_e2a1068c2fa22525,0.01444189370198119
ck_b9c6b32f6bd92a3c,0.006096323745200836
ck_c1e7d1021ae58f00,0.0004549049103723623
ck_5d7801201749ffde,0.009532535719199825
ck_c8806749e263f70b,0.0008375152345555364
ck_c9eeab826781dc91,0.011388436062919033
ck_309a432c160a17b3,0.002161094020484442
ck_b22e3337b8e3dbb2,0.003351111379708294
ck_79c30169c71b8033,0.884496038282256
ck_5a6593d954085775,0.0021464627317385873
ck_70b9b79ea1aacba8,0.007736742012375633
ck_63743141ffa11f45,0.006115319555877873
ck_dfd3dbd0d97a642b,0.0052637212363311784
ck_635646a661f05b4a,0.00980185051912173
ck_4b123d6931b6d0d7,0.8013733351287666
ck_f2b0e7a47f442557,0.9349042341299494
ck_1b1df006b81d38ba,0.007282254948753761
ck_360237c1bd30f4bd,0.00054199948032576
ck_5e84bca0e362da20,0.005041116870401707
ck_142dba210ed2f3b5,0.008816050516470594
ck_a3564236069e3524,0.09534872638766326
ck_cf36d8b070ded782,0.008901862767986803
ck_ddd6625c5eddad70,0.0010102145291475749
ck_ad54292a0b2f44ef,0.006186060237710682
ck_45cd5ef6b359e9b4,0.001950383979417767
ck_982c2392238b7be3,0.20391270277880924
ck_083e4ac78685c3bb,0.00624850342253194
ck_729cc0b46cc2e546,0.04992170679919279
ck_f2b8995fe5402759,0.0005303421953031414
ck_73e24f5a8da289b3,0.08680953378994374
ck_bd85f30c36f5998d,0.018479520774426446
ck_ee4ff3aeadf912c1,0.0014595994136274066
ck_63d2978706e193d2,0.018013385871350023
ck_6a0684436a1e66c3,0.2866148790314206
ck_182dc4a2f5a366da,0.0008942443140369842
ck_e6fecb82fc2a82de,0.002119626529079945
ck_cfb06f07394dfe64,0.0005336480476584729
ck_7bbe1dc8add17ef0,0.011962951637576127
ck_5cacad76e02c8e3d,0.9837159935082068
ck_ca68dec0c7df5a12,0.007301998324162966
ck_e4c0fc52c82065d3,0.011185379186113948
ck_f9197b070416f443,0.007672198788487692
ck_2a07c7021b71cf65,0.00983276817731207
ck_4fa85cebf707de2c,0.0006757067858322451
ck_0063d2a9507467e5,0.005360593373745228
ck_ec986285fff05b7d,0.0010547459667736897
ck_279d43303708109b,0.007959030603926647
ck_a406bf11e48cf8c5,0.015820768556862437
ck_064b2aa3f0bfdb6e,0.006361484225783319
ck_95790440bc4bd2d0,0.017563435699887334
ck_70066eea13b4c34f,0.0036389906070425798
ck_19468fe07e26f992,0.9896000579950585
ck_86bfe328e0a533b9,0.956832697630578
ck_ace3b96c977a7560,0.03633643850186412
ck_642344e5c652d8df,0.007607615372373995
ck_074be35c951ae10a,0.018860463632951685
ck_f14dce41036486a3,0.9912318506855031
ck_5cf67a3a747e684d,0.031939311201231
ck_f7285b92648c1c81,0.0012323528440743628
ck_bef3193f124fca5c,0.26528089648525166
ck_05c4dcbb45de1f8d,0.0010534810371393918
ck_d7c28eaa05bb7144,0.005765944439952186
ck_320df984791a1b99,0.0011970845465462583
ck_f45bad1606fa00a7,0.0030556162072205412
ck_6f81c199e986d9fc,0.005477040040384614
ck_d0c9633fed57c344,0.006972739198723782
ck_a3c25d6cc7478068,0.014007717562534086
ck_4185506d12cf9fa0,0.0008643440988653559
ck_7a02ee1bfba7353b,0.006628541605103959
ck_1b52590757c0fbeb,0.011022711525046056
ck_a0e5656e1cf9cbf5,0.0019145540310128114
ck_ace21f6daef94f6e,0.002323977345216326
ck_646d8d0834782d6a,0.1744152819740151
ck_1f136a4476b5e775,0.012832548529263615
ck_325c7643cce02da3,0.023616159845718812
ck_9b5e7fe28208f5d1,0.0018868273923254078
ck_05d81b1a150f31c5,0.001269174590776063
ck_0e9ec486bff403c5,0.010552711600640372
ck_ee13c091bc379188,0.01320481236680716
ck_f7a7f8f5903617c5,0.009266660569927875
ck_96c3a3517153390e,0.009442790920717616
ck_538dad7f096458ad,0.004801640348554711
ck_8758fc6622bbb7df,0.024318609731773893
ck_f7e53af3c91fec64,0.019802994712462527
ck_80b50fad7f255e1d,0.0019296742862367935
ck_9645e7adc08631b5,0.01902056316126339
ck_e007aedbf37d6ec7,0.0026246586090700142
ck_2951d76c41de2569,0.14970786574157988
ck_9439bff87e616d4a,0.005434742220892651
ck_a73045e96af0e4fe,0.0035693333543801798
ck_7b382e533e2e925a,0.044287376485953836
ck_730226c2d216cacc,0.004901674116406938
ck_bdf837d761a7cec2,0.17208886830022338
ck_0b34197335ba3341,0.009479125291369916
ck_49170c4b31a20f5c,0.0018828874283873536
ck_cd553ba6589d8bfd,0.005479399565774454
ck_56b992c6f136fa5e,0.009381410230992412
ck_8beae3d7328fa41a,0.01704618670922366
ck_1a065ea906ae3d6a,0.0031608686346459255
ck_e9e3381d5e0e5051,0.0012145298953736314
ck_a6d4f998dadc90c2,0.8634030150055262
ck_d36733da917115a6,0.0468339133241389
ck_e738e920bbd74a7d,0.008237078605838055
ck_af65eb885a51048d,0.0004697913342748816
ck_73f4eb09af29b1c0,0.03952896611177485
ck_8fc641b1750a2542,0.2691185097850213
ck_41b954c7a948c060,0.0008592685669791221
ck_25fc3010e8a0f6d7,0.001812353840724348
ck_a2624e0387974e0e,0.01940447272909977
ck_5cb9d7b2329d5ab6,0.021844574400370617
ck_6c83aa1d100a7cd8,0.03474632515720416
ck_67025c64588abd1e,0.00277470549180403
ck_f5dde68f6f0468e1,0.001254027476008351
ck_46bfb2cfc29a6d2e,0.0158452427428142
ck_49dddb894d33f6db,0.013944370529261906
ck_f738b633b8862d18,0.0004517997547747378
ck_3d6c3c00d854f5a4,0.2522521703280649
ck_cdb8061d8d1a6c5f,0.0027766967016479736
ck_5e1b81848718bdc3,0.011531157719122904
ck_8def763034187436,0.0067297095367163245
ck_8f8e4fb9c6190272,0.0015793685694130508
ck_368b968b5f33431e,0.000739927882173908
ck_ba7e347251ea399b,0.039979350748929464
ck_9075432001a64e75,0.008625527826639763
ck_73c5371635aca173,0.8343749949085254
ck_81793387b38047cc,0.002055385874029638
ck_0cf220816e320ac5,0.0016086577722935907
ck_820219bb9c761b52,0.10421831183418159
ck_70a932ab39d86a24,0.0008416820199920041
ck_2c4be237a7ed79c7,0.0013678412058380977
ck_acc764b49ef02826,0.09528804606694215
ck_74c3c3452e4e7cce,0.0016086180842641324
ck_34dfb57e5bf31d2f,0.00995873103659409
ck_6ec39903f765956d,0.00713250355973528
ck_5986119e7d81e831,0.012951425854665449
ck_2ddfc948b8eac752,0.05506101259588011
ck_921ff5ceaf40a968,0.02674894152213453
ck_fb3b68b4424b5f92,0.022096363600498544
ck_c3db1b3ad4f16679,0.00187326619681647
ck_124a197be41687f5,0.008535524270317582
ck_c58d9151834f5bad,0.005152110467810389
ck_389607982eb6b701,0.888174641828934
ck_fb0c138c003e933a,0.0010626109516309401
ck_50d0bb7edd8c69c0,0.013549063928979619
ck_c6cb651149dc9a8a,0.0018332641067913974
ck_81e21354e477eceb,0.006394029828972521
ck_7696e38b3e4197b0,0.00492593107648547
ck_586001d3ed9e7fbc,0.0012633928110670554
ck_bba413492dc46f2a,0.004642514336259279
ck_95b894380ad2702a,0.0573395610036424
ck_277621473369614f,0.9967978508895692
ck_a50621b5eeca84b4,0.00038308001890894244
ck_bfa7ba218b988cde,0.017669973180042552
ck_5ea89567dfe78e4b,0.011040534293257655
ck_6c679602a6476ab2,0.0073897294231171
ck_d3885e286b3b11d2,0.044130304508081405
ck_cdcf6671b37c9c92,0.027499890209622124
ck_b5c93e6d34f8d366,0.0012481895008434438
ck_c24f61925dc158d5,0.07279267557020733
ck_cd09375e6c81d2c4,0.00944610872625281
ck_a95afc7a00303a26,0.010461585654878309
ck_8e89ca8b39f3f8ad,0.0020620741036863053
ck_9a84b396aada3fa8,0.27693911693363515
ck_5124a2e415384945,0.011811203592676001
ck_d66bb1f063357f99,0.0010168909449391182
ck_0fd9312411b0ac55,0.01887844748160736
ck_ad8cbe6e27e47ede,0.00960818049904629
ck_8398adeaf41f9cae,0.0063286236485549045
ck_dcf851e7bb5855d0,0.0009367056448219082
ck_9affb0f26776b642,0.002033491747668931
ck_f0424b3b36bdbef0,0.040129235241540474
ck_66746d1090d6d9e9,0.0007219765253386491
ck_e5f8c8a5824db594,0.02191114084055224
ck_3e91dcc209431984,0.027030562580700534
ck_126a82e8d42e5ce6,0.0008809390061241429
ck_38e4a74ab256e2eb,0.0037600739259840907
ck_1225a97fc413a419,0.05933804517577266
ck_9b5ec0f78e160e65,0.0035461604268523135
ck_7c5529bcc079600b,0.004986519868799913
ck_29640fc2fe81c251,0.5365272606438324
ck_160e9ba0a3f7c1fd,0.001150945670699397
ck_bff090cb4ab76b9f,0.0038819430682113564
ck_aa06ed358e43db69,0.03392090196044781
ck_7264486eb512d84a,0.0104041610627343
ck_f5a32e6160b28379,0.004290651188159436
ck_4ba8bec14c2217e1,0.0023340286218616877
ck_610815786d729d2f,0.0017691863013838244
ck_e267999226b6321b,0.0007368564591365065
ck_f3996a3c8eea1ea0,0.005074417763042455
ck_e9b75ed7567a3f23,0.01462219806992406
ck_d21612d48bb4f7b8,0.03813037316986572
ck_1f871df76c6a995b,0.14261267229230518
ck_953bd5de48ccd70f,0.7321459121692759
ck_02a9104419a6dbaf,0.00784693307663357
ck_1eeeee651e05d535,0.03623936491792386
ck_e2ab04136a442a98,0.004193718356630062
ck_f0d806624ef3d359,0.0034996940933226216
ck_4b68b38c1b3326a3,0.004987592249113383
ck_74e60495f8861156,0.007837749969952953
ck_398f3f4cf05c721b,0.0018611786542837786
ck_f761b7650a0c1a85,0.0037798546213722952
ck_7dadef33f5e2d94f,0.9904494126900094
ck_6ff6883633b8c7ba,0.0010738744536955528
ck_4d2159603045109e,0.0040008322922218025
ck_a38bd07a5fac5c9a,0.0014513865242437173
ck_f517f06551e69507,0.0024833907858802526
ck_a7ea00a1760ad561,0.9752639686528308
ck_31fc51d5a3dfe16a,0.009249296189774395
ck_bac5233623b25ca4,0.004360347851267479
ck_385188ab27784fe3,0.05343221016563179
ck_9947a323bab5cacd,0.038062772447969226
ck_7973edc9f22ee7b6,0.00822830659921844
ck_f97c477986043755,0.0008541770637424978
ck_1a3fd2cc4b4de196,0.009070369770795703
ck_e18ac29ea62cb435,0.019669647408057028
ck_9720a472a3e0140c,0.002583729850577854
ck_668c7fc7d7e47c0e,0.031931214228409284
ck_214af0806470ef48,0.003994394603117303
ck_a46c1773f01f0be7,0.10136647928654456
ck_f2bdcfb4203ffdee,0.02002319788238934
ck_40e84e6ffe788a4c,0.008041558121192305
ck_dfc6f5712d8d6678,0.18058814245343863
ck_01ef1036b2e66a4b,0.002097133556724019
ck_3acfec10eec32f9c,0.0032430231603133653
ck_084a85145c15ed77,0.006070182888934318
ck_fcdb4fe2f095fba1,0.10824611028913919
ck_023908db0a193076,0.047231114138207846
ck_fec0ff92fd622253,0.003536117415633483
ck_c009c97d5fafbced,0.10121637917008153
ck_eb9f0c06ee017ee5,0.005556295792106
ck_d7792b429620fc24,0.006200657131786348
ck_5e9e149a3b69c726,0.006808424843317296
ck_ce927322ef8f651c,0.00495861838926078
ck_b8fd61a8e82bce32,0.9500901009825524
ck_9aafc33fba1474cb,0.0013513790205250697
ck_ce81ff9b8b35562f,0.0034107736805718304
ck_25bfca1d8eaa152d,0.004431479097761014
ck_170c65860e2a7e23,0.006221844478215445
ck_952da7ca9f33decb,0.009621735415840521
ck_1ebd574406235957,0.005029947612690762
ck_589109a188adc2c1,0.0019749253177346496
ck_f0cbd5383bb07778,0.06614133650874235
ck_242521e261148fba,0.0015381492183997084
ck_509cece86a558de4,0.0019083752240539515
ck_0dd7c5925d28755c,0.008333648710705372
ck_a7e669cf1c3985aa,0.008439227632708221
ck_acb84dc2351eeb76,0.0012465109582007437
ck_b837c7dac2a9b931,0.06393516891413405
ck_18eb1f9181f95df4,0.0007628480896364265
ck_b0b9047dddb1ec84,0.9099732214485113
ck_43aa136bdb0a2832,0.34728304803954196
ck_3e47f8c56c811700,0.004501274352330742
ck_77c587d24695ea15,0.01087001437595741
ck_20578ac693ea4e93,0.008486980818777289
ck_b9f6040eebd1605f,0.01534564936263853
ck_ca9d86f65cfdf018,0.0016241996699693229
ck_a4fa8833995c716a,0.0017874893527401899
ck_f589f1e29301b5fd,0.00391116080610779
ck_961ddb8ff55d868e,0.0017622225523312833
ck_5662492a54e6688b,0.006531892937011473
ck_ad48826c1c26eb78,0.9220530576915607
ck_621c9ddde6bf2eca,0.02066025830700752
ck_417a3500b2c717b3,0.013622165818275508
ck_c7e129058beb3ac1,0.0083535075517261
ck_ec1c902b9b9b9c5f,0.04836779474144823
ck_317360ec0a67d27e,0.049484816617735704
ck_3e3ea5d8c4a229dc,0.01732766345169266
ck_d11d27de7bf0b973,0.27645883158255663
ck_d37d56e931105db0,0.0026325557160643736
ck_4863077723cd6ce1,0.000716150896223457
ck_479a065d5903e9c3,0.0029013965911524817
ck_e66ae4fd586fedea,0.002568582810441585
ck_192bbfd0d5720134,0.0010955997121578145
ck_3b436cb29af99f3d,0.0076990277628581376
ck_7c7ca54969eed187,0.05960355761273863
ck_826ee896c9f1144d,0.6997954732390035
ck_ba1f6dd43fc8a0b1,0.009710733477946463
ck_49685deb63e4e8f8,0.004828051548917035
ck_687ab5d5554bfa79,0.020999578567349145
ck_41346ccd9242cc8f,0.0013474893963345248
ck_8f8e5e2b9dfec3d1,0.07503830795818815
ck_94d5ce61a0c50465,0.004842694207809315
ck_6b954c75aad8c012,0.019640949885166552
ck_748af92828c9d288,0.0009762621494212198
ck_dddd14091ce812c2,0.005020379836325359
ck_723323f6870fab59,0.016182970771457965
ck_dbdf8d0708cc6718,0.001365044356548247
ck_f04938570a154de3,0.0013410668463809071
ck_58afa1550b3b5294,0.0069742166131963575
ck_3b150afde386ecff,0.040577635976913405
ck_666b95e75d99ec4e,0.6530836593540397
ck_e00332597cf1eb24,0.011869177591285545
ck_9a9e3dac79280d7f,0.033515347505948964
ck_e8d37262e859d9a1,0.003934414233811726
ck_895bb39d24bc1c4c,0.001605651235661399
ck_b367449195e36499,0.00977420012229126
ck_d23f9a50d1135ce1,0.034562568974973396
ck_670dc4910cf476c2,0.0008386273342324106
ck_3ecd8a5ce65e21ca,0.0018174538249123844
ck_8584fea2df4c6317,0.05412213628041072
ck_0789ff4562202b20,0.01366420679625759
ck_749e0e50c3907be8,0.002319694569900578
ck_c3ff6790cc6d7e34,0.007909466417541863
ck_75fb7e56432ee4b2,0.0014520003480478442
ck_529fc3170fd11abd,0.025633218983749255
ck_34a69b3b4a681796,0.042127393608157405
ck_255f0e5888ae9e23,0.018291074644540568
ck_65be698386474170,0.0011322163589526392
ck_5eec9ed855c26000,0.0026681387942461897
ck_5ab39bdc9610f6f3,0.38835779238624246
ck_1b5b75762f033462,0.004824054654694485
ck_d3e208671cf37f91,0.9631745045091028
ck_5068ee554ceff971,0.034301517168234937
ck_d7d50fb57fcb2d0e,0.0007698286638401422
ck_ba6e1115fceaa067,0.006695125615879538
ck_d07bfb16a4a7dac0,0.9360937034654644
ck_ead68310311690c8,0.8902667952530209
ck_ee53ce862bc9c111,0.0062946838449453885
ck_97e56e6037024dff,0.0006822563519396918
ck_80b04344c98ec072,0.00548891118910906
ck_5954f45a2ab45f43,0.004769819414647509
ck_18ddf7e836256e3b,0.00837217251268135
ck_89a1a780144d808b,0.01516883003210561
ck_a7331e8b808c39aa,0.036100846973907016
ck_a1fd0ad03ff9b776,0.023955605305888094
ck_c0cf50eef030b401,0.00047057389310416317
ck_074f20921189e7d6,0.0030409529614618984
ck_e2aa7be60794593d,0.022669971148956573
ck_72771757dfb7f7a8,0.006516847814683166
ck_a9cd84a6dddfe584,0.02626647900201285
ck_142c00f9f8557504,0.01282470701894802
ck_221b5d40358230f4,0.005074077420762044
ck_a2d7a563f520b7ea,0.0026120744017498316
ck_66cd34bc568d95e0,0.015331264102541228
ck_a17128972d3e507d,0.011625701680194306
ck_bda299466bb2136e,0.012150209365274991
ck_2b699066665abe8a,0.030564013815842728
ck_0ac9848bd4ba0c14,0.000752990707827966
ck_98d2f9a6ba3a3077,0.5903838612468183
ck_a872df31b28a5f7f,0.06589461517513018
ck_7e73e1d44ce82ed9,0.0036686546731585627
ck_1a415416f620d49d,0.0015083435476918618
ck_c95c786d2f8b8edc,0.004488753429570852
ck_e45012f22b7f91d5,0.0014515755417967911
ck_aa0b083e2a6813eb,0.034738394450656074
ck_4666232ddbf77756,0.0024664278423623467
ck_e08e9c8ec5f23d8b,0.006650586983134449
ck_31d4c0518e5f52c6,0.001284890053089478
ck_c1ab40638f04cb02,0.004601351322683564
ck_4c1fdd1669c7cf51,0.0004300129517111727
ck_11662cc7940ffc82,0.021317304359539165
ck_2e679af24adedac8,0.000828880709895195
ck_454b9e21b7f25a4c,0.0022604337084893037
ck_355c4f29089731e8,0.8805677358170703
ck_507e40760a24d2d5,0.008233981584588547
ck_0943e0f305078e34,0.9894680091121838
ck_abc54ed7111e9ed1,0.0021217232835336114
ck_a60fe02fc04407a9,0.018855924738305146
ck_244b897bb4d57c1f,0.004624585273768163
ck_8c84fcde93a04334,0.4527706680648832
ck_9eea37d2de633b27,0.002579722323729219
ck_b2cb9e6610eca967,0.003584052070818039
ck_09aadb4c41b166f1,0.02813984784198016
ck_8d94fbb4828ef326,0.001357934346598351
ck_089e3a07abbe3b8f,0.0025874848395105524
ck_dfee9de05e3971cf,0.00387271281589369
ck_6abf8302ce052451,0.07837298622161376
ck_6ffa90143838a4a2,0.0011124878140442434
ck_325caeab5c7a9c3a,0.001541692140514549
ck_1964ee9db929a173,0.8924105159777644
ck_942b95988a6245a6,0.05812431181198532
ck_913ecdeeb8e21a9c,0.0065400337230205885
ck_ecf9794349eb4b3b,0.0320120551147016
ck_b6cb8d6ae828eed1,0.01609891390557043
ck_2f82ea66c4f53b33,0.11250385429315443
ck_6e676daa4855b58f,0.033364630376585505
ck_2a37fef48b44e9c8,0.020567242036334723
ck_3bd12d468fdc2450,0.007400761151412838
ck_1a28b6a40a6bd3b4,0.10172713317375597
ck_61b79dec96d15713,0.0005774668531434618
ck_31d5e3daced93d3c,0.005963071063874603
ck_e6c8611c0cf233d7,0.0009482896040468423
ck_f04761b4a937ac3b,0.003198211107445473
ck_38c1c75cf055031b,0.023930981907149932
ck_59a561f3df01441a,0.010729104812801846
ck_04e40f556a5062ef,0.00393155087234027
ck_8409716d174635b6,0.008766054163797728
ck_3019afee83342701,0.027407745322149825
ck_b51a58e7f032c9a8,0.0063026210904036165
ck_5043e474f848346d,0.013013616412720891
ck_4388abce33ecd01b,0.2720299790953522
ck_c93def7392f0aff5,0.005481232483745801
ck_72e7b1acc19df820,0.0022245259154526995
ck_f253130dc3ca5b3c,0.0016924215522346633
ck_eb264d1b180d4b4c,0.010869576189596424
ck_c2504f5a113433ee,0.001873019418118279
ck_c16ab1e4dafb4910,0.16572470732937292
ck_4bc42878fa180991,0.009533925362504114
ck_1c771a7c78f6622c,0.026527000677825725
ck_d523f0e50a2747ad,0.001972629585282245
ck_9060f4e7ab7a1b0c,0.0039428690956601255
ck_6b55ec4e87a5e22c,0.7028493569083385
ck_55fc62a5f89a7251,0.008051474507593068
ck_bd2545c62f258231,0.019440738201379835
ck_1ccdc69d0bb712b4,0.003521917857584258
ck_710f867a3bd5898c,0.0008155221775410372
ck_f91d48c40337d375,0.002094869519420902
ck_f76d929541ed41dd,0.041389197023950115
ck_e26a6659c237b650,0.026936140498948158
ck_184983177b73dea5,0.007045620208209697
ck_6d0d081bfa8a0022,0.014524726810295619
ck_2f6e64f638da0f97,0.0005277485698662936
ck_15b93103ccd38609,0.0043635997155922635
ck_094d10439b7b4eac,0.0009134643213301807
ck_d2ca47180a926ba2,0.005529976406706803
ck_a69ca7b9d70972bb,0.003027867136242853
ck_68914e67343a7d32,0.0035518493913208444
ck_8176616132458c0f,0.004312033070448732
ck_eee99af3598311b8,0.03296169290788865
ck_94410eedfca91304,0.037022441497032044
ck_cfb11a0a2325bff5,0.0014871335026151885
ck_75217ee144b715f8,0.026105743605547748
ck_d56fc799542299b8,0.0019450721098294994
ck_4c352dd3e7c81269,0.018575280955186867
ck_e23e50e02cb3904d,0.012252131645939695
ck_b921af37d500e139,0.0011704046474443508
ck_82181b935360dcbc,0.9929414693698734
ck_22a7cf3b99c5e5fd,0.006222187447727441
ck_f67ee7910d532216,0.015973422142200606
ck_5f48762a14a0326f,0.001429283676084514
ck_1757fcb0e6e3f88e,0.019585040582132115
ck_2c2f080ba185016e,0.011121157472528457
ck_4c25570eb72711b8,0.002255018547009602
ck_a3be871ca22ac416,0.002435347063379838
ck_ab70961e7c6695b2,0.00382413992477691
ck_a1cdebfc42a52448,0.0011235156428914185
ck_f1b80b821a20186d,0.024308994727347426
ck_ae668e4564cd2aa1,0.0027605843661843168
ck_0e2bc3a5afa439d8,0.02716800407908464
ck_3dc378f37d0b74b8,0.0077688014990489425
ck_9f9555197480d1cd,0.004955686013953987
ck_bf4e7d48770a4a8b,0.046091524786502046
ck_614ef655f0685060,0.17305019711742128
ck_04d2ea38ee27770f,0.0009111288890539764
ck_e03a9d8ac94161d5,0.004088617421797128
ck_d4007b5b26d9d854,0.0008649715021573943
ck_2dd147ce6d61749f,0.00657758624041207
ck_ff45764ea7d6619f,0.010927112034348724
ck_dbc487cb0a6c18da,0.9774264683770149
ck_791d5392bbd80447,0.006308998364616135
ck_b4068439c413b150,0.008389101321496494
ck_85df7b7de9700aba,0.0008370860634369468
ck_001e42551cd06e40,0.0033871664847167525
ck_a6c02ae50932cd9d,0.004247786396175337
ck_9fd0be2c018ff5e4,0.001839635879231363
ck_32a495128395fde5,0.0035950609098631993
ck_b6f2a2fd232c141b,0.004937233839391887
ck_28dde633692904b0,0.07210805120435024
ck_a1a93c5f375f6021,0.0009854446016291179
ck_e3982142336782df,0.009202743070577802
ck_a9812ff3c111ea94,0.028164414044942167
ck_f04062216f95fa00,0.010871471569469389
ck_7c560467daca735f,0.0003748189209454627
ck_76ee10d6e2dba70f,0.011990200853733217
ck_3521243bdac61178,0.004136820778875469
ck_28588fb03b320520,0.03910039482611265
ck_580dcec33ec232b8,0.00716503994405619
ck_7109923fd7dab20a,0.004426375691931538
ck_7c872c99481c1e9e,0.004854794307607583
ck_46f4e1f5026f4d1b,0.0003576502620245812
ck_00d1ebc31ec4653c,0.09978365961352487
ck_aac70764dde15168,0.04177469660871249
ck_648c03f9aa4e45f1,0.001701354626443801
ck_5478eb69ef912785,0.24448444681257692
ck_79b8523137bb2603,0.06681204400312264
ck_795c49f312640019,0.00043612369898165024
ck_89184bf7b7fe41cd,0.1587710003299599
ck_97d4bd922996fa10,0.0030750213958800144
ck_1cef30d08f3a598d,0.0009433238244499316
ck_2f9fd36a4a40a6a8,0.0010260903586871719
ck_40780fc0f8d6f309,0.004669162122737065
ck_9083ca9fec2a7f4c,0.0032872035896848646
ck_62081bc35aa59931,0.00891967781493149
ck_2e1b46c5fc56b863,0.031386689738548065
ck_3d139692c51b604a,0.05812188846538883
ck_b5e54e22e3d6960a,0.0009685345708586309
ck_c0c4be3f44311b04,0.003601091323301592
ck_82a8bdd2692c2a5e,0.000558792364127918
ck_bdd2da300b530c5a,0.004809074513215153
ck_ee40498cd97183d3,0.0009569073159472824
ck_70b9274473bd6dfe,0.0011238503049072694
ck_473d6314ea614b29,0.0025590978791299886
ck_7443d6dca8cd1352,0.003407599654105184
ck_3b49768b448b071e,0.013107854911025932
ck_b43f04431c267dea,0.0015845330467883442
ck_4424a5223ba2fe00,0.018836157854882567
ck_819bf3e8231f4081,0.027948854508979222
ck_91d417507a8c58cb,0.2063677013256105
ck_e88e86b19cada4aa,0.006882087219135695
ck_59684167f9c6bf4c,0.029584136326789544
ck_d5f5b0dc97b9dc27,0.004990555225944461
ck_13d1b192bbff8f32,0.0024293665972179935
ck_b21d8630387cabce,0.0007137374358617305
ck_e4ac22046699b99f,0.0062738070017400085
ck_74b848064f2ff45d,0.0019985966372314647
ck_166aa980cc87fa77,0.02491409204294206
ck_98e337806104dd88,0.0013488807472233628
ck_66eb09be007f0755,0.004752900185188618
ck_3ec9b9d8dd7be11c,0.034079300280380156
ck_8b8b9de339d75d0b,0.00950258034569294
ck_6715139e240007d9,0.007808391739502002
ck_a0255ab46e122d2f,0.001066206302715957
ck_66e81a4190c33510,0.006664799491561809
ck_5d75ea4f5c9080bc,0.6230062659398403
ck_df69858b8a8b3165,0.00215833746723681
ck_e15252ebd7553422,0.0018963361244735979
ck_34d6d74bb3ed11e5,0.0007272103902780807
ck_c2608f78f6851d10,0.6582746092543079
ck_bb99071e8f58c8a4,0.5516465506837303
ck_06010f0df5b7cef8,0.002633945348626422
ck_8c582eb0f6c0148c,0.0021644803618502437
ck_0034d010d28aea78,0.004606559557559032
ck_01c1f06692566ca1,0.0029083308306334108
ck_4807726e797fb893,0.013186872599563606
ck_edc9668282e3c8cb,0.003820261385475255
ck_5486768475af7bb5,0.8864758822270333
ck_3fb9813849e51837,0.0035906827529973593
ck_861af5a9a9a6d619,0.002835938225918399
ck_da39653add0f1109,0.00183524719653663
ck_74a4244eb1f162e4,0.0006977749865069722
ck_9a930faade55b8ea,0.0012217742120709321
ck_fb6e06ca88519dcd,0.0037631261833889528
ck_9776cd8263a9f415,0.0015199429226851868
ck_b3dd1198ac5aea73,0.012814142805012339
ck_b6675a04df1a4276,0.001450090261495263
ck_5c7ad6e731b69333,0.755379199836827
ck_28dc0fdbaec00580,0.04900485986404241
ck_8e7a32f7e3905f4e,0.004155487487403279
ck_8563fed6674afc77,0.007309552389015976
ck_9a2fcccb82da663e,0.01597662673287525
ck_6a519bdac0d94527,0.0027540604542330956
ck_a0dab7aa9c4a39a9,0.003346832341401408
ck_a3ce05e9e5e32142,0.007729013829816296
ck_7a7e40ee3f97c035,0.029462210538352053
ck_9e9a830785112a73,0.012844923407577567
ck_ab1bb02f6b189304,0.5269864531066342
ck_7b8cb0f90fbdc8c6,0.0033330763721000135
ck_b138fc249e659e60,0.006983483303864014
ck_e73caa3771ec5e0f,0.0027117624379484053
ck_18a55b06ccccd88b,0.030263615196094506
ck_fdcb1d9265d8fec1,0.030366986132264916
ck_e21a900556b382ad,0.018033418844372893
ck_c6bf67470f526771,0.006607664515932077
ck_b568ba3837afb39a,0.0007483722143579094
ck_a2858979dd5645ef,0.0008954046912144295
ck_1da9d40837ebaa57,0.005589639686958747
ck_9341c7959543c542,0.0014031677960113058
ck_c8ad86806b9a2369,0.02032823517716322
ck_5c85d93ecfed4b0e,0.0009155833947102982
ck_f07b09879d697b82,0.0030461095505054077
ck_fe43da07608b1749,0.008097459927642464
ck_4bca22b5926b9c28,0.0037363253457182296
ck_aba573aa942b1d41,0.007497106874358159
ck_57c14e32fa4683bf,0.0012407491494939224
ck_891530b489ce402b,0.007980316669796473
ck_5e74fdadb93ff293,0.04250768527486721
ck_14436a409ebcc90f,0.005333178080300619
ck_00013fdfa0bd37dd,0.005245347915496313
ck_7dbe24ba01316775,0.047701716549075936
ck_0e3f80c1553c591b,0.011783990958249592
ck_3edc45db58760d76,0.0014206148449405819
ck_29076a13f539187a,0.10946103810131087
ck_b1e81b58b9a545ce,0.01708618272746295
ck_3f8571d4f7420b2a,0.01604462956403002
ck_7dff6abe4bd644dd,0.76164772158185
ck_2884bab237af16b7,0.007209709356092611
ck_231e6dd1fe708000,0.006046025083426126
ck_33ecaa7b892e73df,0.002933801825165184
ck_b109ec4c63503030,0.07303673291771226
ck_a7f522382509cef1,0.0036361395549680325
ck_748b3ea941d8b3b9,0.0023082009968101664
ck_29f3a1737a2d9634,0.003816197367530058
ck_cee8d42475a0f020,0.3956654101036575
ck_c6b6ebe145a8ffab,0.0021794482472361387
ck_21c99e1d6b881894,0.000704687074470478
ck_5ad798286384484e,0.00779996472668671
ck_b621b6ffcc7f4848,0.0003503259700751139
ck_ea819e337233475c,0.0559466543640886
ck_9e3896c2668ce06b,0.017418722183475184
ck_501dcf1ead036d2b,0.007050604863808573
ck_8d5eda29a2cffa3c,0.0026231832540021902
ck_4d3aa36ff83f1132,0.7131162986320114
ck_8e9faf94e3e6c757,0.0009176327886208528
ck_ce0ec41f96951048,0.008782420396530379
ck_f09165d73ee903b1,0.004376821910853192
ck_a432b1bf1d3b3d5e,0.5173027812834271
ck_ea618f720ff0b4b0,0.0019504246721918773
ck_7584e7bd755cb28a,0.004678763971287362
ck_e14681aad43e1a72,0.0139986027850034
ck_5e18870d8e30e379,0.00812382133245582
ck_ff7c26a62bda8089,0.0013899277659209896
ck_cc5a35175d381d5a,0.006948541284453666
ck_3c25029e40aa8a84,0.0034505753186490477
ck_771247b5bc16c12a,0.003062615784933994
ck_664b5e02759f985a,0.0018951302542008178
ck_692a9e8f504b9762,0.00035887333049022243
ck_df8ad2deb0a4ffed,0.0187231035566873
ck_eb48c0bcd12ea654,0.0039849722425089815
ck_7c77e597c951cdad,0.013771607303520065
ck_4f75144c6f3b13ad,0.010235801522366209
ck_1bcff399166d7c43,0.002721996678910419
ck_975c2aa3d4a8c51a,0.0026987035024121407
ck_bc6f07b06aaa4ce3,0.4990848765687498
ck_80b072b7f3c7e8e5,0.0027677964730655224
ck_471e4018a23b4e56,0.006559876298810037
ck_53cddfba570b4a3b,0.005883939751679357
ck_630530e50764f229,0.014709373804470596
ck_dcef7887a4f1e435,0.01226795488593141
ck_2795921a055643f6,0.006206361193403063
ck_7456df89f3792235,0.0048297655228837
ck_5014a3b07e1f049f,0.6913629138266252
ck_d4ec44760cbe03f4,0.005908202417375287
ck_96810ad39d4cb7b0,0.014093192310590575
ck_3222ea25aa29bfa6,0.00041291922679264763
ck_f6c42001b84a10cb,0.1672283247063791
ck_5ac86682385c86b8,0.0026183849358302016
ck_4280c33af57eb4f4,0.0009177696333208666
ck_05f79ddd8eefaa56,0.004764751365715057
ck_3a57a13ce032a6fe,0.0017221728464409593
ck_a721f0d635fad68a,0.005479127549814286
ck_a3f821bdf408c326,0.003306437056341445
ck_0ada63008be5685a,0.03284593493003634
ck_8c949bdc6e8720fa,0.03278615295918898
ck_c0d2c56f9c722e99,0.9831187497088363
ck_5d2b9e6e087b8dfc,0.9891292153938241
ck_5217b55593a332ca,0.04329498551884309
ck_7a7bb9be5a7e48ad,0.007713590758887906
ck_24cd0d779e866287,0.0029840261689720224
ck_7367917891a63771,0.013354211367189842
ck_4b31a8862a857e6e,0.5078549310751186
ck_81429c4910ca46cd,0.0005210463402185598
ck_b35d803568f82d9a,0.011347720388716741
ck_4b00e75c2d2d0522,0.001916761682151011
ck_77fced07f6dff42b,0.006444980194324074
ck_3c9a06eb07c300e4,0.0012388265023340053
ck_b3867f7f494db64c,0.00042869006633339013
ck_0c45e54897ab34e2,0.011698334346922587
ck_507a6a580ab55c76,0.0038869806404861437
ck_291bffc7809f896a,0.0030383798394114122
ck_3753cc5b9d02e2fd,0.0012662322317348576
ck_4f63d5245b3ac1dd,0.007868363318248545
ck_9dfb2ae78659240a,0.005150720593898836
ck_90f6f5ced708aa75,0.0008139076466014382
ck_8b5b5a6b5539e39b,0.9413677893314384
ck_4719112b55d20161,0.0050409531631046695
ck_fec888a7108ca52d,0.9789667889578701
ck_4f5d022c99f118b7,0.0088313024884853
ck_e967ff05514b697b,0.020873103289610697
ck_839ce35819bfa4fc,0.0008898674154063721
ck_bdee1221b9addff8,0.001971905690910085
ck_9cde4036d0914427,0.00381121271988591
ck_5ac959cbcc5e98f3,0.001250097625859339
ck_619842688294dabc,0.002633427666453214
ck_7373d7b04c7799bd,0.01411672198636201
ck_c1dd3feb9a0b6471,0.004056389568838229
ck_0324a4812ec319c6,0.00542860232014785
ck_7f3685aa2933b251,0.039110209398453895
ck_06aee5a62a67a84c,0.0611871730478493
ck_3428910b44b9d08f,0.05774433945830626
ck_c3ba7534cefc1de8,0.001163339809104574
ck_1f1273a67cbad5e5,0.45598619920381217
ck_124565a11b2f8bb8,0.0022417514616000925
ck_38e46bc861e0165b,0.007083792581102059
ck_c8ad3f01319c065e,0.043348972041071826
ck_3f94a34f5038f7c1,0.7534496803790863
ck_cee56be5a502fbd1,0.16622602737703146
ck_2b90b76cf4d162f9,0.012091291065187741
ck_884b2e463ff1d54f,0.0018715893022699219
ck_fab4f2f8531b4827,0.008389087652564685
ck_4fc6256e0e60a926,0.0026934692068318316
ck_0a2f8b2f8a5b6f02,0.0015421275872267008
ck_9c0deab8a8367c5e,0.0005226788019789382
ck_d3a2a4c011fa2554,0.001087109018598386
ck_4108b4038f762817,0.6568655320951688
ck_4df036e2aa7e1056,0.0036472490275669435
ck_ec094eb1cbb3efc5,0.0009325199453671373
ck_09f8f51bfd2492c6,0.0052151387822819036
ck_b60fb9a10d6f4489,0.014320974157199398
ck_3638bc3388dbc1bc,0.1533479169470062
ck_7a58e0cc9943c39a,0.0018747061456304275
ck_37dab6a0a536ed49,0.055073296407714654
ck_adc576690df5b33b,0.01610155657847915
ck_1383b2b1875000f2,0.009593202756800534
ck_43c1248db37a2eb0,0.003241114313684326
ck_29c11bd68858e923,0.0008849557414206753
ck_9401f9e11f65337d,0.005230723870211574
ck_ce5ed372b1a2ed6b,0.01137521656926658
ck_08b4619490e751a8,0.7455693297338567
ck_44b9125526acb05d,0.0043710315798268454
ck_ef1a1de20d2124cb,0.006172336600609084
ck_e5e2624b7fc89774,0.011106221251160479
ck_f5100511609b92c0,0.0005029486085309248
ck_64f3bb17101b7c42,0.006990080064539855
ck_ea1e5b5128ecba2c,0.002800677487039871
ck_516163fcf04d5e77,0.013471911448051474
ck_7f9a748110d70005,0.0026397610234157936
ck_d263b55f0a681cce,0.013797098825300304
ck_0e962eacf98a813e,0.002708615092603484
ck_0406931800e0e2e6,0.003905201197010151
ck_0e9b982afc88a3a9,0.9965592899999004
ck_8bbb625384edebd7,0.0006459344527054169
ck_5eaeb87bf6207406,0.9828877953971229
ck_cc3318839c4b0745,0.0025252596422117995
ck_08a0355d1f1890ef,0.005672165577672004
ck_af7ffd1a822460d3,0.1859974253509608
ck_2a09c7aa870edb6b,0.0007125375851997673
ck_bc04f51c23290bcc,0.006242468385987374
ck_d3a8333cb389f4c6,0.002645982551588888
ck_88e3dd3039508332,0.010267238803935052
ck_b8c7771de9b57705,0.0037063516314283585
ck_585ababa02383b50,0.0026600211763854846
ck_e988c108754cee9c,0.005447403260010012
ck_4a691892d9d6cf89,0.011361362854568608
ck_7cdce37d895eefb8,0.009858358462300685
ck_483fb981a1fb4317,0.0011994761864546743
ck_c1e5182bd99e0e35,0.5400122084288272
ck_9a1e3ec9a1839939,0.005704929632288576
ck_5c3f13de0dbd5086,0.0060036155818989755
ck_f4f6f0caaab70040,0.001092070111036625
ck_791be3378dd7d64c,0.006127751892616952
ck_956dd784525f5886,0.01228797309370195
ck_098167eaf124c279,0.008445646186519416
ck_33ecff7914349ebc,0.0036964870808624804
ck_e05d44e46c7174e6,0.005169581027887291
ck_1b2ce474fa6582b4,0.07500697658245771
ck_ab581082e8f72e3d,0.001974359996343993
ck_e63256667aa19070,0.007376898814692645
ck_f568772b6cb3febe,0.010950708379684634
ck_dd89a282375bbab6,0.15861572348462713
ck_a39d0bca345b492d,0.0013798099392164213
ck_d12d2924d0f7a64a,0.0038691777226237496
ck_6a548da1728b5823,0.9624854221446191
ck_6d64193681d2a94f,0.03208033020042199
ck_ced6b6dcdc7c201a,0.00197334611098802
ck_d1b0699d26282871,0.009542554273370765
ck_58f757e40a9b8877,0.002085366922851439
ck_3272c2c4a37d5220,0.32368877454639444
ck_d94dfde9e03c9d1a,0.011760212706100235
ck_08a6d4903a7fbaca,0.006928042584352564
ck_6c72a36b05fa0f4c,0.011842481426569556
ck_dbb4bd4eda97255d,0.005618649529645692
ck_94b59bbc824b307a,0.000612560455864493
ck_0229a07185f15469,0.006681715067177048
ck_11bf1039f8b3025b,0.003729671836203305
ck_36789ca11459131e,0.018552016226901096
ck_8572c5f5c1447c62,0.008992623916912431
ck_9e75c6641939f4fc,0.04105596019592519
ck_b45e47c39d4dc7bf,0.007737282558640454
ck_02903c48b6cfd65d,0.0036473617396073853
ck_b153386f1729de81,0.0014646130871076098
ck_36979996f33498f7,0.2563682248206719
ck_3c02d4dbbf6716b6,0.013837891313371448
ck_66c9a19963957531,0.042598087903176395
ck_bae8dae7cfd8baba,0.0005319956545455957
ck_bba0ccc6cd968680,0.011161803394223388
ck_3267fe3aac05c71e,0.0025188003576286934
ck_40052cac10562cde,0.005520661267429653
ck_d973444855403e2a,0.004682019582432872
ck_012519bb095ad36b,0.9902699375895262
ck_ad7c256ea10c4a00,0.03497471924345554
ck_70a60e095e9b706f,0.0004151375113349078
ck_f2734417c0db4ee3,0.0005669542920439252
ck_9cb89cc3178e0172,0.015197521021455654
ck_779cc0f2de4d5488,0.18547158034076291
ck_35f8656bf93e3b3d,0.006259021473535351
ck_bdd8eba728800e29,0.016414454684961104
ck_002cf760d173f0f8,0.0173687750358276
ck_b046067c6ca3831e,0.0026798134182669272
ck_a4a42d4bff8af645,0.0025657585773221476
ck_bce253d2396681a1,0.00743645482803644
ck_00dafc060c8de32a,0.06034649208108315
ck_968a99e097ee78c9,0.057491557844953856
ck_66949171b387bb93,0.012616039224440384
ck_ad305286702b1958,0.0014902056041169551
ck_4732da7e0d2dfc7c,0.003008176028171625
ck_17a95bba77217d85,0.05449016936520408
ck_3e2516a3e35067e0,0.0024531802002326995
ck_0b615ed566da1f58,0.011839638509940525
ck_d2b3ce1ebabe9f93,0.006522715952718217
ck_a892252e4e0c2828,0.003204886675452322
ck_cf606fd6ebfdf9bc,0.00917659544975292
ck_718865237134ebe8,0.00490620166767853
ck_878522cb775b904c,0.03532993119395034
ck_9ed53de6ef779ae0,0.0012984684432621192
ck_3f16e2cd7e6874cc,0.011492327178398104
ck_3c59df37895ead2d,0.0010520703400694327
ck_6821459b626d492c,0.0008506204489428092
ck_11c7667920541587,0.00291756256791251
ck_23a016cf6b98d89c,0.07363586015904107
ck_7137eeb394d200f1,0.018527969601084642
ck_9c4886c5c90ddbdc,0.0013835942411069646
ck_1422a7bf7756294d,0.958885260838063
ck_7ebc5fa7f0d3b8f2,0.027611738143154586
ck_fcc2059a8d5c41fa,0.030964798453002103
ck_00ff7389d6a83e29,0.007586823803266775
ck_03129b41457795d2,0.003834494397160841
ck_38ba64efa7c38250,0.017982250273134253
ck_57a6b56b09bff24e,0.004702407464186278
ck_e3b3c5a80a567418,0.001344621930397079
ck_fc40a16adfced018,0.005698311776954572
ck_9d4b5e6b43bad4d8,0.008067090015211272
ck_61129937ee466b49,0.009760706808134727
ck_74112e47b8629c2a,0.02879430516841503
ck_b4703ee97f94d7fb,0.001388983655880016
ck_e560f720a988d8a2,0.8143994124726517
ck_708fea345f68037e,0.0005886235798104988
ck_25394c1b83e0b803,0.010045183310112723
ck_17ab24fe914ae44b,0.003591643021743327
ck_16c501470d9bb006,0.0027012827660007114
ck_628f449e248c19b7,0.044995470280758856
ck_6d64190623dea714,0.002454079137478791
ck_504a45ee08db72b6,0.0021874497377176567
ck_6cbb011e0c70bc7c,0.0016979643342309742
ck_b3225a98acd04f83,0.0017642054157613438
ck_aa37993f1c17cd1e,0.018390556900576765
ck_558cfe5f77a55a9d,0.002768136570134459
ck_0d0a1a021efea5b6,0.009117958979513069
ck_daf7aea023b7a8f6,0.050384782254380124
ck_d75f25184ece2b51,0.0017584997454680221
ck_466d4b5366c50b98,0.004355681170983592
ck_88f27ab479063852,0.02602738452032266
ck_66779098e78c1760,0.0005700363960859578
ck_b150fe4efb449b05,0.0018184865533009218
ck_9c3aa9f23d01fa1c,0.0029051992457101183
ck_6a01c375fc26705a,0.0007223193422784778
ck_002eb6552b504ea1,0.0026509113164882485
ck_affa5aa0bff9bb0c,0.013684446750149681
ck_027614eeba8b1a4b,0.005383426747070744
ck_67e075c982add719,0.005974478194833234
ck_399b0d510be98bd2,0.003935999332712467
ck_e9b0bca7368555ef,0.004952425366699329
ck_59c29d9c57b4f994,0.008613827113071978
ck_37176850ed68831e,0.0038301242766937043
ck_a0db4ccca08030c3,0.7316496258928971
ck_aa188e5c25f7f42a,0.015796989754719798
ck_7de6997178207800,0.001127834497902936
ck_c729d19053387be9,0.01912108313135892
ck_f2d3e3d90608596d,0.6938664621713124
ck_2db3fb565e0211ee,0.0017163107315554705
ck_bed8a480e27e911e,0.009669330681738109
ck_d7ad9921a4d25926,0.005882624702522313
ck_2a59f23fc5194699,0.021697133907925045
ck_63601a58a6120d8a,0.015548440865021796
ck_efd7b9e22c6317d6,0.022442719730662853
ck_9ab42875a0f95b43,0.03261250877620281
ck_85cb5033fca7c846,0.024079754898496047
ck_5249b223000915ec,0.0269509830800233
ck_3efb0e9bf25612c7,0.0011176980033476274
ck_678e74532ac19700,0.0022496850443305886
ck_a980b296c95153f9,0.006822382948871095
ck_01ac687ce0d696a7,0.014019399605338398
ck_52e1418cf1aa9871,0.010687612306872594
ck_7d28da4f1dab09ee,0.15558095973598163
ck_010d0c2e6c1657fd,0.10383802188671032
ck_b524f7a2e752b9d0,0.005924987694453453
ck_cc447fcc24a0772b,0.9667494432218232
ck_2cb3c99845e572da,0.0016456579570739485
ck_604c710141327a81,0.0021756564495588127
ck_8d5fa65717d2e0c6,0.013182952753571111
ck_31199510b40602a1,0.0018295734912136242
ck_49e253ea12f4e922,0.010675170298273817
ck_780738e0d71e7e43,0.0016184514852004856
ck_2cd21137a07fdd7d,0.004603405618062644
ck_5e021f2a3b66e256,0.02477736618342192
ck_efbc79246e32c66a,0.05255435062798645
ck_9951bd806c13c7fd,0.06585753271288596
ck_7a52674e2806d8f5,0.009427039439341393
ck_1a319e509f1efa1a,0.0005283232114413172
ck_c920901b9a4ba993,0.8426671603602289
ck_b71279e807d0b3a7,0.00801201493214517
ck_47e1032f490bb018,0.0044281250067470575
ck_192579ecdca7ff83,0.009025905544418959
ck_b1496c474c4a3239,0.0014449991019873717
ck_5e68ea2c5e893cf0,0.015008013183945451
ck_f2ecab85d4693b4e,0.00845753402996272
ck_89d7bfc81c3df597,0.009806424800993396
ck_7929284327667791,0.15070438469543265
ck_494ec63c5ce8e150,0.01943897969006403
ck_319b059bb2145586,0.03741803704017553
ck_ccb3767c239018c1,0.001802062353447999
ck_a1c7adfe26e09a8c,0.010934224081370703
ck_0e13c4f73818149b,0.006885931294988464
ck_c285a51ed6214f52,0.00433983377944134
ck_916784595f028226,0.04630899919783828
ck_6cd8e0196365c474,0.004409082367029199
ck_57b657aba4daffde,0.0910361332811527
ck_562c76a3753fc7da,0.4672884785853052
ck_66cfc1ebc9a513c8,0.0009586442394084882
ck_0f38d4aed68d7d24,0.08762270952917593
ck_d8ddf5e99f7859e4,0.01522783626381849
ck_41bc3efa0fca700e,0.026324673047415304
ck_40799e129fcf42c5,0.28345822475621607
ck_786f079389126e44,0.016403192337840662
ck_bb4c6b713eb0b978,0.048223417566449975
ck_4f01f7eac0efaba5,0.0016142922005706103
ck_47d29c01b20cf69f,0.003112771287966588
ck_bf15a1f8d67a30d3,0.0054209195538245936
ck_bfecad7586f65e4d,0.0047748084701117535
ck_fc9f16df35190eb4,0.09531908466173519
ck_c09c914e416edd08,0.003645115824365409
ck_c54c5d8e4433b0f2,0.002760999448575752
ck_1694c28f44480e98,0.006440014971125586
ck_1dcaa3078dbb7571,0.001097457672791951
ck_af559f990c640e41,0.0026961845806259604
ck_9b436162039a77d0,0.029222881188505034
ck_79d62ef181bd0cd8,0.01005940881180628
ck_23caafc2cd34242c,0.0039289886299518125
ck_ffe2aa26f597e552,0.0035580909809974233
ck_e6ffd0754ac08661,0.001120224036374832
ck_beaacb4a783db21f,0.002675214253869327
ck_9863bff41d24ce9b,0.004676029232744618
ck_323b9cc5c49f8ea0,0.7080385631217619
ck_ab3de3d3e41c2082,0.0009432167676674912
ck_35c93b2924900376,0.0009776863472359283
ck_5a9d5f9901e37e31,0.012764337513665092
ck_782b0be796164335,0.008357685261054923
ck_11960b5f1c7a5e2c,0.001647896818959517
ck_9a66cb13a9884cc2,0.005224953957011079
ck_ba666a425930615a,0.001405195525661713
ck_40140bef4db73741,0.006572492988240877
ck_e05e91cc180063d4,0.04458160689406169
ck_c7f6f45710bc050f,0.0027539708102301596
ck_055fb9f2e1c8c934,0.03641215387269827
ck_58bb02d98e2b9cd5,0.02187948728402606
ck_d9f8efa6a7800f76,0.0024445148894753715
ck_69691226c68fd50b,0.2260658794937182
ck_6f2f0396e5b1c538,0.9917524651078784
ck_78bc3f1d0f35ea6c,0.006259404075143191
ck_2d5a6b6636a2596b,0.0019132566331733904
ck_7878545739af0a73,0.0008442107490100531
ck_03c4fa4f3ed3512e,0.0015575417018220572
ck_1a9e51d092d62c84,0.7113650134235592
ck_9f3861940d8d873c,0.016251197455252366
ck_4684fdd61c6a0fac,0.007507311223085579
ck_715966f86d5c913d,0.0017540493518794094
ck_77f293d44b4a3d2e,0.005872063218461272
ck_24dae044dc05f849,0.014732660016376135
ck_00b9818e2064405e,0.04644451944590251
ck_c1c2cb49c3c1b0f5,0.26840497364204374
ck_bed50fc64fbbf8ec,0.007815270353944942
ck_4f6ed5ea5ab7c429,0.0016284933357764875
ck_458531c22ec2f9b3,0.008828445060988073
ck_51c50c4c443df31a,0.48363791139433554
ck_732d45bd578dc39d,0.004500794389130594
ck_783fe5bc20cd02db,0.07655755201452433
ck_7f188aaa63d1d442,0.0036778728339436156
ck_ef307a6aee38d1fe,0.8145494748629952
ck_e37196b20968b73c,0.022083081467859755
ck_4ef9de711c3d93b1,0.015643280959680077
ck_17946516d5df71d7,0.0024581176314600528
ck_3534be0f4efd313c,0.05856213475785528
ck_29fbabf855cabdff,0.0020265836066761973
ck_191673540d8486af,0.013563336188147482
ck_5f52728d777ff2c5,0.0035342846779529806
ck_a045a19369016818,0.9954851658849645
ck_4eadbe7298b15e96,0.021575951917981437
ck_a3a0bd59729fe619,0.0027684582018851567
ck_a1e77090b1c6ccf4,0.0035517847257117616
ck_69ab9d4784eb77bd,0.003763872901308379
ck_baa47383ffd50f04,0.001885469401353653
ck_e35b2ed08b9e55a7,0.001340910351005125
ck_b6e3af0a5119d9a0,0.016085643266473985
ck_a7c1dabf3869772f,0.06711765064306088
ck_80b8fca67a14e0be,0.6738694926731588
ck_dd9c5f0c42878e67,0.008478525569875292
ck_41ef7967faf5ce82,0.000542504889444856
ck_a93560aa348d6225,0.039190770716055756
ck_ffe91d6f0bd93fc6,0.029416008423874252
ck_fbf630c960194033,0.004641224478639455
ck_497ed60723283c0b,0.007859391246448594
ck_2a46b7ca55239413,0.005814498579338319
ck_1a4e5ace078dd782,0.007317189360048511
ck_616cc31910f5de50,0.0026586262286407668
ck_0d65bc749eb42710,0.0226756062388597
ck_2408db62e4395ccd,0.0066507417329873895
ck_5d7721930106dce8,0.00667981469358756
ck_e8a6acea22b20312,0.025205479379332964
ck_e2f792fae128b18e,0.04574338611567633
ck_e6d3ce445b86003f,0.0006247930753878288
ck_263334d722ecbc97,0.4925128994085634
ck_8c5b29f6666d4874,0.04691691700290817
ck_7ea0bf310fc20c7b,0.8470930019650555
ck_54d463f7fd89ec3d,0.0086494988976123
ck_79e45040dbdd6447,0.012018767701099413
ck_60b4d59953505682,0.9229930715686182
ck_fb00dd5021642507,0.0063716036109799454
ck_f409ff994a210601,0.009004615448175143
ck_2ca0020038bfec58,0.14671358431265863
ck_adf84b9df54c3d80,0.018731958968199913
ck_942dbf632591b65d,0.1444390367966414
ck_454a7e4d859a3409,0.0012294754215351055
ck_2139062d4569aa07,0.0030520318612607825
ck_e949a0f4df0b3902,0.5080576393492825
ck_bb113e3e6716ed65,0.012764009288222333
ck_6a28ea6ce69cb869,0.14599766993051075
ck_7df9910af2bba21b,0.0032569181979285266
ck_78aa4b731cbfe251,0.009427046259354113
ck_5839f5cbd8165b1e,0.00510624664263685
ck_7158ad9e58769ffa,0.041257653340766226
ck_acee218cbe61df69,0.026339389397224144
ck_f8dc8473c2772729,0.07468791537459896
ck_f34c93a8173555b1,0.21191650880226165
ck_7cf301d075e4e709,0.004311600708824567
ck_b87e88ee5512ea17,0.0014001352794320832
ck_bed0c020b10afa3b,0.00815307998345845
ck_ca10102961f99eb4,0.001986234029625888
ck_393287947b5c8d79,0.010399517542187542
ck_2fe6cac002142f67,0.021776405857827606
ck_79c7f0d29b1db1cd,0.009890954054817363
ck_c735b643d3cbf67b,0.004344455905438782
ck_ea4332c8fe48e2a3,0.003387402256689729
ck_d39864119cdd460f,0.0018175416595576338
ck_3b963d6be2773861,0.004572193928486232
ck_df39e3b8a9fd0bfd,0.8580241198736358
ck_6236a461dc0d11a3,0.0026485543851725384
ck_475ebccca25e30d1,0.008522290029408417
ck_c10c8bcf5bcd516e,0.05558228324032013
ck_49ccc3716a564256,0.004879690060306975
ck_4e4f99102f6938cf,0.0021100966440190205
ck_a97b481ade6f7972,0.06106315642789414
ck_3fa559c679751b3a,0.00573008216978242
ck_3eba1fd2c7acc4c0,0.5549710924094093
ck_18c179b4afc4fccc,0.0056552188079306105
ck_cc1c0b93d05b7d20,0.018955124545248454
ck_742f7c28ddd019e8,0.00982967441848109
ck_04470bc93b8a0d71,0.0044961676220863205
ck_6e8f8ef7a03cc6bf,0.019261908691842522
ck_eb1ddfc353b4da83,0.0007789824520611196
ck_98831b57c7ca2e4f,0.002247618571807099
ck_a6c7b8d6e8596d4f,0.008486772536589204
ck_cd7d24e3b095e96e,0.04490148114944489
ck_3f5ae4673a9f858e,0.002666265595369625
ck_05f375fc8ae0afb0,0.00525379630902733
ck_1fc98436281ee39e,0.0009423732101155782
ck_6c48c58678f64bae,0.0009865278736577005
ck_8c95aeec6a4c75b0,0.0048915815047820095
ck_364cde38958b7af3,0.09278360010065581
ck_85bf21aa1a00452f,0.0024669054513836632
ck_796d3eaabc667c23,0.9901273129954843
ck_ac449ee0c315edde,0.0012248384726117043
ck_6f9fd15ac6b163de,0.0008587951116030982
ck_4087065be2a45ad7,0.03384103856065111
ck_ecf006bbc78ee3eb,0.20467697743353136
ck_8ca808cc5a49cb5c,0.004568562549633067
ck_94b90ab8b2dfb50f,0.018912856805451805
ck_59fd11b3232de9dc,0.8779328432149145
ck_67f3794d93e2dd67,0.17483680939857082
ck_b7f5acf5df1bb13e,0.0029527412454463118
ck_fb04ecbaebb774bd,0.0022469921123043387
ck_68ef3e7301c621b7,0.003826430399152773
ck_41406cfa209b6bda,0.0053613288868630815
ck_b0f8f5408662337b,0.0024335421385924443
ck_0d2901bfe585c391,0.07930384493568739
ck_3398551e81dbf3db,0.02672479761630232
ck_61c3e3e277629646,0.013223098081739382
ck_2825e34dd3e7ea2a,0.0025917191134532044
ck_20d7571ba830009d,0.004414955187061678
ck_c98b16f9a72a6568,0.00045600704108043346
ck_e7c8a9e4641eb9ed,0.000763353043793597
ck_254a7c97c36dab8d,0.010298936485846627
ck_e98429675b46272b,0.0006514589996982199
ck_c2fc0ac460786d02,0.01677474912663532
ck_fba15647b3a140d9,0.007146119010566483
ck_15ce50f2704227be,0.015866944184119137
ck_8c748aaa4a4554f9,0.008076467911395335
ck_e00e82a9419ff086,0.00964876397722985
ck_832341c98254bd84,0.005447142992793254
ck_27466468d06db4eb,0.015351658072017414
ck_9d7b9e3ff1f3e71e,0.0020578060832253655
ck_42c6973d3a6fe983,0.0009483299621199107
ck_877c85bad118bc62,0.010253400400897367
ck_75d2a2715259c4d7,0.022153215753288647
ck_37d3e5c681a2214d,0.3527634229706423
ck_bf285dd49f372de4,0.02564391039225098
ck_a5bdd026fa9c50fd,0.007022378047284604
ck_88d9244a9cf7a77e,0.768787400201411
ck_5881b174e49b04ee,0.0013064331056269246
ck_5b16d67c5ea89930,0.002854501793624948
ck_b75b936aafac56b9,0.004588204513349124
ck_aed2681e1646a0df,0.056953208015026104
ck_f63cb5e8cc702bad,0.005734067046208526
ck_1805fcfc4a9e4ffa,0.9089725656402419
ck_25c355da356c730d,0.004465203016785156
ck_70396398e4a96449,0.0013002977126667845
ck_0f743bd13373748e,0.023407634860354604
ck_4b387765f0e916cd,0.000689639561875977
ck_e971faae8a10a260,0.0008946717107692311
ck_9eb08369e983abfa,0.002430029002425698
ck_c30c5844512e429f,0.053700741463157696
ck_59e77e3a81f1fa0d,0.008603797698102125
ck_ca4465f2b5c1a52e,0.9934768217834865
ck_c89b9ca398402f1e,0.001955214608864819
ck_36e72ef9273e7a95,0.003434471550882043
ck_2bdd8616870e5e1c,0.0007686652817406467
ck_216e87a41de22b5d,0.4710637793622011
ck_60f4fb44f5efe3a0,0.001051299831647991
ck_05652e8ace6ce6cb,0.0014969998651448325
ck_8c136dc691e65695,0.0007570971151988272
ck_a08f8dfadbdca112,0.0018708691999363629
ck_bda4041a3e90d860,0.00360137480552719
ck_15dd3ecaa8ce0245,0.8498004653005806
ck_3e3c64b3b7876ce6,0.01559985980095853
ck_46225858a38b2e57,0.0008549958339434753
ck_0cb9f54928f4feee,0.004921757981229266
ck_152671fbf8a9a78e,0.10552040181721227
ck_ee7a515e87d17d4e,0.0035127539751724337
ck_f7276091bf513d22,0.09792419356770984
ck_4f05daf1cf0d5755,0.003136447910456623
ck_83a69c4a5d55ef19,0.017720221742839826
ck_c50fed2a7c9198c0,0.009322401697593791
ck_70d19d5650ddc8f5,0.006501388957294736
ck_4b4d99e443618904,0.010696257263246594
ck_dca0b6ca93311ca2,0.0029116686882186054
ck_b7431d4706461ec6,0.0046158302032547035
ck_7b59d22cadef3b05,0.11814513986729151
ck_53428573abcd606f,0.010350301243156983
ck_f538ab6aecf2adfd,0.0006397301990385021
ck_d321249fb065d2fa,0.0388992083556681
ck_72fdfc7e6d8e1436,0.0006952050860079483
ck_b52b99dad89ecdfb,0.009943136328323176
ck_d2d4282f9d256b3e,0.002590223460953659
ck_c8f2a1dd8a6141a4,0.0008932502763744166
ck_8d38747058d0aeea,0.9173530572218983
ck_3ac528caac74f563,0.007418286214196951
ck_8dbaaa00ad829ca9,0.013074247688339946
ck_7c38ec898f0fc21d,0.0010456458845845512
ck_8171ef803f5ff604,0.01820339642390084
ck_01a750db6fc1168a,0.13978307685979094
ck_ceb017baa26e98c8,0.013619058927311361
ck_e2c66c72cc0b0f78,0.04057103733862534
ck_8d9518f64b222416,0.003548575219188559
ck_804c5a1fa5753617,0.002585426124491115
ck_fca7cc9c42695453,0.0016509874752628564
ck_3a632cdf2c19051b,0.0043201780334349614
ck_b2b63ea65edf1dde,0.017330570445271164
ck_27b07021500ee841,0.004611518767164291
ck_9724718fe64c6557,0.967270653130066
ck_2786cbc3e75ec034,0.16269056734703857
ck_d9c2622cb6df380b,0.005252331081071267
ck_ae1da8ee98e402a4,0.0035593748971379
ck_62967b91504149f9,0.0019581241185143198
ck_6b255bf68709109a,0.005660862595181279
ck_c55afc68421d85e2,0.002231221913256276
ck_7c7266f6ef2a8466,0.004006390212936975
ck_885cf685a9541190,0.8522455148976228
ck_1a4bb7d3d2ee3227,0.006432478639594677
ck_b4911c42f3bff740,0.0005466129244973913
ck_66f9f78d4c6a3edb,0.008296528986068339
ck_49bdba9ee1899dfe,0.00549073961578946
ck_79b235d51718435d,0.008322405989692427
ck_d840db8cfe2ef6f1,0.0006225547714848437
ck_610c7bcc1cd7ecb0,0.0102032707763002
ck_cf49b6544aff6c50,0.12311206101726255
ck_de05f97c3d40dd1b,0.02941060180199866
ck_0302f67d75973dce,0.0028882395850747915
ck_54c2604c9ca6256b,0.018629905847674606
ck_a1c88c0568f142d0,0.13049489405875384
ck_5d72ff6cc2963d1a,0.0018038056405164284
ck_0446920a1004c596,0.0008750820148860453
ck_71044c29ef071570,0.00271557400212399
ck_2122e9bb1afffef7,0.002564671260161331
ck_d1e3de178601d3c2,0.005279876514618703
ck_bec8324a3587ef04,0.0008069372842941042
ck_b616b6f45225f319,0.08562924108455502
ck_ce1e695884511479,0.05369592888995254
ck_a662b4bf900781e4,0.0003086643442804152
ck_b5a84c5547378c10,0.0007915553241132529
ck_f80af368cfc6cb7e,0.0187588598080038
ck_da3526ab6c5c884a,0.00397304867557461
ck_bd20be9a3392d79b,0.0038014510635180536
ck_b8266dcd90cbfa62,0.0004963107372165646
ck_ac84b33304362c06,0.014042104990335116
ck_794d8935a895e33f,0.07304731291585845
ck_8fea7d915259f1be,0.002872459985016754
ck_7a1519ad5ff45312,0.00044375771342289127
ck_9bf3ce30b65f75c7,0.05760891228131017
ck_5f864d72d1eead99,0.08933102622216892
ck_3c48e0cfc2a58041,0.06060673002485899
ck_d902183f80cc81fa,0.03921140304060515
ck_539cb0d117db8cd3,0.3311991146624015
ck_28f530aec8e77130,0.01976910484279623
ck_e7d903c50d353361,0.13681687245909432
ck_d288b77d1e227970,0.014881798411726089
ck_017208fcc01b5d40,0.006008938426202962
ck_7e3923d278a5106e,0.008852565710241487
ck_9700a00ff9e66216,0.014237452186131575
ck_5c36c78b7a4d138c,0.014358997960517811
ck_c457e9c9224b773d,0.009951836580359977
ck_1dfa91405d7e66bc,0.0009966281413787315
ck_f1d8a2695a575e56,0.0043969082720627245
ck_3b92a46daf8d00d2,0.005818753402856961
ck_aab23b5470469649,0.003666698758502801
ck_ecdd01a391610d99,0.007041840241866387
ck_abd3aa292f8edb4d,0.03727978896581684
ck_7fc9a0776e1339e3,0.000955055489279976
ck_c0389ebeb0e65cb8,0.0016545837507421749
ck_48d0fc4f6a2109fa,0.994084898565959
ck_571dee4f3336c7ce,0.008917087278022583
ck_4cedf26628c84f26,0.006425651137627761
ck_63356762d24aab81,0.011842332109215967
ck_2c5bc11bb7ae5d2c,0.870463662723731
ck_6d26a152f900fee8,0.005876338158052873
ck_c972b0e781efed3b,0.0006769003486089959
ck_fa0ecbcf9a33d6ce,0.002103229765923808
ck_fa3a766e49dc77ae,0.010340421839958485
ck_7baf1e55db0dc558,0.007188717502197543
ck_e8bc49e6494c1f37,0.00142204421743767
ck_8ef1d05cc1e53e7e,0.023280550036987667
ck_cef2a485a77e0723,0.0029897513164521433
ck_228a583f23abff48,0.012504789380493746
ck_ac32c6e374782b27,0.05554529067878713
ck_b9485218cef413f0,0.0010741164645572156
ck_7f15503048915d6f,0.003046208030111699
ck_b62f5144db15ad34,0.03859562187728281
ck_917d82c552f95a23,0.0213023160261242
ck_fb4797045077bc6d,0.0009729697394025736
ck_2cf8a44e041217de,0.019779343888591018
ck_b7dd681eb3d2ee38,0.001641788074701709
ck_e9e8cacd2fa35e79,0.015276615785351772
ck_342a79f91de5d1fa,0.012319112278286842
ck_2c91f62c05685ed7,0.0017104629274172383
ck_e30cb64302939f38,0.008783382715658894
ck_d0e95b90ba86da10,0.003243766482668455
ck_1774faf414a5d49d,0.9631993581994921
ck_2401e8ff89e574fd,0.6582446860685061
ck_0cd8802264e0a1ef,0.013428349157561945
ck_da84a0dfe947fd3c,0.002522478243358879
ck_c8affb27ba7fb5db,0.05798243822121574
ck_bc7ece8787ca7200,0.003662428286443715
ck_469a0578d05990c2,0.000671341039318722
ck_eef67f8dea702338,0.0441607453803348
ck_4f490e379e9ded9a,0.0007968178454397581
ck_354379de065a8ff8,0.0035789696587525052
ck_5db1cb368bc41ac3,0.0031674298175653733
ck_9b1c3742dd6fcb8b,0.019032963728316546
ck_63ce4f44c92d7143,0.0668075389840864
ck_e15e3390f5ed45f3,0.0032318154237666527
ck_da645ea91d66aa6f,0.10109626884997942
ck_834ca727df855f07,0.09225883440934446
ck_e1d5ad20c737c745,0.021461598876761894
ck_ff8059ae5fa5f1ee,0.0004860875215703735
ck_8bb9e75393954a1f,0.0014937299880344837
ck_4e1757d1347ab387,0.9908799894523546
ck_af3f74b1d75a5d95,0.006778503497363227
ck_6b1ab0742ff04c3e,0.029337519817089486
ck_f56073911c9f1ab7,0.001852959466392031
ck_51bd5f69b4fe0b92,0.6497661549133971
ck_fc3d95030b81f416,0.00039553081048028353
ck_cf78169633a1600f,0.0005397886501400169
ck_ad7269eaa65c67f9,0.005043046723881039
ck_cc6d33890d47a6cf,0.029002867753452122
ck_bc8f31f4a2ffa1ae,0.0007868725525907186
ck_720776a46e56dfa8,0.0030961920256129703
ck_e2d1f212f259539b,0.0055549098062578715
ck_eaf6f7082c3db2bf,0.02375755291063954
ck_773efe58c6278c3c,0.017733106683840212
ck_c4a72c09f2fdacc4,0.008548971999841292
ck_8982888dd6611143,0.0004305526694324818
ck_9d5049e195eda029,0.008068625285777033
ck_de58ef6f9fe2b546,0.00643337219939509
ck_c0b50c11e4f5adf7,0.011013921235915086
ck_ddaf228487858bb8,0.05620830087546495
ck_eb2323215ff70362,0.020577401787845645
ck_168c96a1a636ea15,0.009207213053070918
ck_9c46711b14d9eebc,0.0007565611041667173
ck_de8af660806b97b5,0.0005028357889046462
ck_6ab83f45bf16eaa6,0.0019156166355996027
ck_bf2228a052815840,0.0011235753538695738
ck_3f943f20a9da9bff,0.010329454818042585
ck_3baae40454c00938,0.007230419886239814
ck_bc2e771a1d8d2dee,0.019620579244049998
ck_e55f5ca37f30ce8c,0.0076020417059603955
ck_4ad5937bef176d89,0.002763839763559783
ck_126531a9126c17c4,0.0012585605927877797
ck_7ec423cb56257516,0.007043155771946766
ck_54748ae0f2daaf10,0.03939289214247601
ck_ff24776280ceeeed,0.0029619882346362016
ck_3c3a1a1365741bba,0.0023455059990703897
ck_615277c8a4e2b18b,0.005039629233122056
ck_a96aaef34173aee6,0.5721286876432911
ck_bea56db7f3e930e8,0.0017950955422534973
ck_ca491debd3b32a59,0.01759626541559481
ck_d9ea77f4114a389c,0.005042400436011028
ck_322ffda3332d08a2,0.013030439922568107
ck_c40ffefe4e30b001,0.025902157320794962
ck_3b1d7648d4580bef,0.0009996530673882557
ck_23981a3261674131,0.006085922569024368
ck_11667f5b9fac7bc7,0.00044064751899734327
ck_646bb3c7be5f0817,0.021252118141485178
ck_ebd0a45712dcf07a,0.012653410183322117
ck_baf43bf1bd963f9f,0.007230792827246283
ck_e0ca2c819658f6b6,0.9597790310689005
ck_f0d6633d0834fff5,0.013858061497276489
ck_91081be0254878a5,0.002068888900463136
ck_1325000bc7f35b5e,0.001213761717776712
ck_c624b9063400fa3a,0.06676698601751087
ck_0ad6fa0e23c3bd0a,0.08256499648731408
ck_6ddb55b1f23c6cb1,0.01439334323171681
ck_dce1fb3acd65562f,0.004189832791997281
ck_a9aa389688ee5aea,0.004230247955453994
ck_5c5284c45d9ad8bf,0.013998624422017367
ck_9ce743dd3e92549c,0.024058324109753358
ck_8342e08cc2f9bcb7,0.0016388999389987252
ck_25e551a0a8d2fcc2,0.014951346046177812
ck_d4fd0e438c97e0c7,0.02748351851191083
ck_ac7fe1c344190c50,0.01219313912310266
ck_ddd65711b5651f89,0.0008719224611811122
ck_ec7406cb5cbc8f10,0.0027744310188534847
ck_1c65e8d5be3b9c60,0.1689489184836479
ck_38ee42f15a573e81,0.02751370304461524
ck_0e5385c70c6de025,0.002838838797829069
ck_d3137f0f7629040b,0.0046569630116045195
ck_9129c92c12e0c8b4,0.001781866209490738
ck_c86520a00e50a926,0.008915906432101045
ck_87f82b2b5fee757a,0.01127374520291689
ck_643abfbd7548d0c9,0.04195076117950038
ck_be51f4e5e6b85768,0.03311848647184655
ck_132c16312f37810f,0.0015845483730293798
ck_c78c096ca8cb33ac,0.003265788028649754
ck_2ce5afbc014763b8,0.027295581733440183
ck_50ed8f4e7ae6710f,0.010089550306554796
ck_5a4eb535c9a11993,0.008077927881254918
ck_9b665ef46d785324,0.0017797205447653743
ck_e066f71f8b296b7a,0.0018960880884478625
ck_560bc6017870ab06,0.0015808421525006968
ck_fd78f8a8663646d7,0.003913346670316198
ck_4af5ec61ddbde1a4,0.014476003410447316
ck_c2ed04a9d218410b,0.014295715049127102
ck_2455d43bbdd2bb69,0.004746166537907504
ck_56eed7041add49a1,0.16141741440472324
ck_5f0be7b468a72333,0.0016301054515273279
ck_19660cec756632ca,0.004828029109643475
ck_fb90408f4892a21f,0.016287229524504728
ck_833a65b86a5d9bda,0.0018148577830112613
ck_2ac36e1dff211d38,0.020852198843008797
ck_c00e70606904539a,0.0028767662527838327
ck_ba8affe4b9505a95,0.8196615681939331
ck_0c3dd22587b08018,0.022487122484646193
ck_618c4e5cfae99dcd,0.07505412129591595
ck_c9690baddfc4177e,0.0012625171391656114
ck_59fae092fb0c4aa3,0.009024536965052905
ck_e03b7d0fa0b28f4b,0.0016638518552773442
ck_d451d24c780b5884,0.004124573091196526
ck_e980d325b8dbb8dd,0.0002951634666323026
ck_cff18e2d8c520272,0.0008701956744572396
ck_a0e46b67e986ab56,0.010152105556499754
ck_3a469039a5b9d963,0.0025978181356109816
ck_12cbb211ebd2b437,0.03174708158645875
ck_b8cdd6d6dccc4554,0.0016996971668794924
ck_794ba5921cef50c9,0.020550620718599668
ck_2c7667f64edec2b5,0.007671676196600105
ck_7262b4e0c29c942d,0.0021181514151776644
ck_5d818522cbfe2a54,0.06934128200660314
ck_de39c1947fb675ee,0.03979002850264237
ck_c021495606b4735e,0.004812751635050188
ck_1fc03ba33edd9e67,0.06688882598162085
ck_a6fe344bbf67f14b,0.008119976572237713
ck_963762210edc5694,0.038591070447455224
ck_d064428b7e7dc409,0.008133171100677771
ck_59be61b53d971611,0.002890488297717019
ck_ec8738ec663cd2eb,0.007050087031438971
ck_59d086fab5998646,0.003009585154055974
ck_bd32dd3b2cbb7888,0.9932453591142487
ck_ce0166addb93bbad,0.0012923460464109064
ck_7c0fdfbb447cdc04,0.015324166738249243
ck_cb1bd7635968ed8c,0.12230878537314568
ck_66f94903177f20eb,0.004467846010787993
ck_1d7cd5dcbcdafd7b,0.2796647859423626
ck_5e418a7c04437b4a,0.03878937649275766
ck_631ea1ae91ab333e,0.02938904174349407
ck_0a8029e79a5ae7ce,0.01866332155167969
ck_c4cca8278bdad9b9,0.0011313920449030858
ck_4dec3df58077a257,0.024916185163194774
ck_609c249edd88c565,0.014112382497034675
ck_02e5f9cbbbf2f078,0.02358248127201048
ck_32e486859130458f,0.9337718440344467
ck_21ed2ea6386c5a07,0.0007721657774079091
ck_1242aa4496576a99,0.00551248030120992
ck_475ea9aa6d3898b7,0.009817980766063186
ck_fe1b1adae3be70a6,0.4987592482138313
ck_c5414d7a8031d4f5,0.0019207615066904043
ck_ca1f6f01868e978f,0.011648312234558356
ck_5eff0208c74ec714,0.0036143312777302213
ck_a315c9619a317609,0.012181654172495655
ck_2b87683c90acb852,0.011314884012699838
ck_7cd9f39c50748ed0,0.0019017327196790821
ck_16a06d58d71935bc,0.3221456694909114
ck_d116e0e7c19b878e,0.9746263841896796
ck_931510e384b1d0cb,0.0012621556328804065
ck_e7651fb87bb24132,0.001335155370941026
ck_88ef9f85948e1a01,0.0013220052438988107
ck_17bf38d51115a8f3,0.004613489356166936
ck_2659d1d3762a2825,0.006970268577803275
ck_a7285955e2852686,0.01058059309697583
ck_f2c33d5b65b321db,0.02445141789819121
ck_83e5979334345622,0.03445728796838682
ck_629537d8b4d0f395,0.015931612683153035
ck_72022008a92c9386,0.006190089731334863
ck_2973b8274f0bf69b,0.013348523734015166
ck_565e3418d2f4061c,0.007929504190062392
ck_54bb53b8f8ea32ae,0.9803294880567714
ck_af0a6540ea7a36b2,0.004046957737459023
ck_888651bfc2c8cf70,0.00395454941276929
ck_1dedcb48ac381a1c,0.23591596809921106
ck_f73273e220296be8,0.00867648969907385
ck_8424bf65223a5a9e,0.0037031669094033993
ck_337b930fd149a696,0.0036367141993161726
ck_8a4952de8a123ef8,0.0019901230277321043
ck_884168153c9c0c81,0.0005666415884927933
ck_fdda581aec411010,0.0015663936722410138
ck_2b7cadbc8b180d32,0.7974853438029249
ck_8aa8b9968233a1ab,0.004444062729628316
ck_0af18b3ce015d294,0.0015604816477995781
ck_8dde670a735d1e90,0.02198204083932682
ck_62f46226f244139f,0.0300140322584486
ck_f948e8a8fdd79b4e,0.009954846318575893
ck_fa00aa0f3e859904,0.03534683868610501
ck_fc7935f784a4f249,0.006641604707448068
ck_e7501307c0698e5b,0.00401266128604562
ck_549ed417f2834cee,0.025141177065672503
ck_fb2a35571ec719d4,0.10299644263523153
ck_25822068c86c856f,0.0009255177227494874
ck_8f35d229b62c8f23,0.0016724491983275004
ck_bdcf049c1e7d0c95,0.0025402685476674297
ck_0aa9db36eb16422a,0.001671446713310387
ck_42dcf92e9e016922,0.012619296861176516
ck_42341cf31c08c981,0.0010300013159729384
ck_0b20bfc515ba42a2,0.004331896581548864
ck_0ec820b670d48098,0.0026746307006175426
ck_1f0bafec397da8e4,0.01591100812767113
ck_82f07504ab59ed33,0.06979639519566613
ck_337b24a474010abb,0.9907221042256756
ck_703703bda38fdcf8,0.00223053731393231
ck_01e7960c63dca3a4,0.9376869865346771
ck_be5bd81e3715cb8f,0.8713353763398979
ck_197f8058cea1fbea,0.0016208832265331176
ck_eb3fb1106f2f1b21,0.04693706446622764
ck_658b4b54be09a4bc,0.9882297269229102
ck_266ce7ccf41ccc50,0.0048932276091110715
ck_110608c3b03d4038,0.8713237704563461
ck_1be8cb95d6d9bbf8,0.001246025329852122
ck_8e16a64a776afa82,0.23789002334629247
ck_34bd190d37eda534,0.03943137072617126
ck_4f521611ae14ae66,0.001186889984342131
ck_d839798f9520363e,0.16748393901102415
ck_d1bbfd246c0ac9d5,0.018531296060351338
ck_f19030e6e85a6776,0.050121709073289264
ck_cdabe60ab59f9d5a,0.00580251316394825
ck_bb84b2b30293f566,0.6426138308872626
ck_427b91925952cb40,0.024439692868178438
ck_1078b1e155b5b640,0.004382677598690968
ck_95fdc264eac72fa0,0.002421254167187179
ck_e35eb857c61548b2,0.9395796444940181
ck_69bd0b1abea7e1f0,0.07637716100179007
ck_59de511b20c842ba,0.031102254591188056
ck_168e7ea341a36b80,0.0024761743647621773
ck_4937cfa6526ea138,0.011623356275915374
ck_bb1a981306b750ac,0.19599152863752042
ck_f42a43e4c3f34ccd,0.001457854312393779
ck_c7ae1d4b3ab38185,0.0014405674668801047
ck_bd23cf9bba1dd33f,0.0067399578318008534
ck_0fd826fad7ec7cd6,0.011870877632902021
ck_f143641bf3dd0414,0.011422310841274272
ck_ad6d48c20a3688a7,0.0015607915843651077
ck_7bda5b5b927b2905,0.04376546271310775
ck_a337eb38eefdcc88,0.017372977514197453
ck_403da2a2d800df9f,0.19359621086944448
ck_aa01d5aafde73d0a,0.0016847884996772883
ck_494954023f0eb309,0.021069362276764002
ck_1c6820fc38135ad9,0.017392456779924438
ck_0e0bab173622db9b,0.044846762594363085
ck_547090bf35a3b243,0.010742995097267588
ck_d69455220b21dc9b,0.0021919940361695865
ck_90b4ac695b9c6bf7,0.004981654489596661
ck_8d2afe17c0082e6a,0.012151398701715225
ck_926b81c0ba528eee,0.005428342694882853
ck_ce36b0c287bd198e,0.0629563719220371
ck_8026e017909aaa6c,0.001144076754910755
ck_dfba788f35d4c372,0.0037554470291182307
ck_f09f9d0e0886e0c6,0.012015896190269194
ck_4ffe0366df388604,0.00214464604109357
ck_75bb521de55644c7,0.009900864052337774
ck_81a960fddf79ecf1,0.9263027338030309
ck_8f43459991ea511f,0.003071128911970205
ck_f878b68d66fbfd4b,0.000762662776728897
ck_e84abfc0c747c9dd,0.9467433659765534
ck_3ad3fd3cceb56b66,0.9559096702809085
ck_7cf562578c7f158a,0.00306444902856103
ck_f81a97d350397306,0.02778951931344073
ck_255d87b7fb40caa5,0.008026417024862629
ck_b3905153b9eee924,0.003873314478722076
ck_2c80a592fb4cd6a3,0.002185376116842917
ck_57deb202d4188a29,0.0048006917581513405
ck_e3cb5f31d8e94448,0.9782693915938305
ck_0db62d5f7f75f80f,0.009068499542854807
ck_ced9163ea85589ea,0.03828817552520466
ck_e16528edc694fb33,0.9703102378224177
ck_78cc5ec4940fec3b,0.005172247967026851
ck_31742076e9a998f8,0.09452605246887136
ck_5ac335f02280271e,0.01889086346016307
ck_7cc2e091806cfa5b,0.015255472152755783
ck_3152c7115257f084,0.006388258232913929
ck_ab1b9d019921bca7,0.006826559149212319
ck_c33a762d98f9b290,0.0019851611826807733
ck_b16a7c51b6f7a6b1,0.004149467971224484
ck_97402a153348e68f,0.003571065990315947
ck_95391029a21caa24,0.03805046624643019
ck_c2015a1200971fe9,0.02159282659482345
ck_ed4427962c68918c,0.9132710214760419
ck_c5e4a17d3efb19a4,0.3037458780706433
ck_8aec3d3dd51517c2,0.000938854197544315
ck_f5178a658225d8e4,0.0010222705312348535
ck_8594f165e95316d2,0.004200491607891773
ck_f0c4aac04076a6dc,0.0046838481561390245
ck_ac2f7397801036ef,0.014981330654015019
ck_d1ea4bcc407c7d5e,0.008705821060803472
ck_cce8b6657a538fe0,0.006633345679104357
ck_66d0c6d6b67a8d58,0.004725702974767023
ck_1a6b30320835e57e,0.0049894169728923994
ck_8cd274cc85aa35d1,0.03904404092181311
ck_ada46085a78280e4,0.005392279926603006
ck_ce1b06623e4a815e,0.0019929055304793416
ck_45e70c8a9686580c,0.01566065432465318
ck_0084d8ab6b1044f3,0.0018099933465591188
ck_a5f7b6fed6df2aba,0.036516550275738434
ck_94940d783e7988e6,0.00630942167531468
ck_00f9ca84d1d8ae7a,0.002646207641295377
ck_0deb56f3f6452818,0.001403635202289644
ck_a58e900469dfc3f0,0.00406235346664339
ck_028c41b195280980,0.004380237211038085
ck_7661d7ceaeb19f97,0.004054589664045304
ck_6957905a65c47879,0.07615565345406192
ck_f7c6c26ef3c4ae06,0.026000191633638887
ck_8777beb11aabd66d,0.003510643554233542
ck_7db098a17374bbf8,0.9764179342697845
ck_66aeb00e44486cda,0.8750916634436606
ck_838c52cc1d315ec3,0.006293429187262545
ck_1745847cd4e5dc83,0.008802848407701635
ck_201687857ec8b3cc,0.00559534785472901
ck_81818169208a8cda,0.008344820353659087
ck_3303fd3f64632c7c,0.04878554515636555
ck_edf1096809e83ef8,0.00183789116344003
ck_235ce9603c7dccbf,0.06290972308118575
ck_9df7e153868bca13,0.0030820207493127473
ck_3cfeade2cf270fee,0.013140492397960567
ck_982b0bf2e2b6c4f7,0.0007559563371376187
ck_faeb0da678bb86c0,0.0036282517774377894
ck_e86ad2fe815b6ed9,0.01911984329200655
ck_70d69e5d1bb99e85,0.0060207620677894935
ck_7e9a8924eab779e6,0.9426898362837839
ck_019d5891103e7da3,0.0018009771841499742
ck_14f0484b3817eda5,0.0019204199285209698
ck_85de63d278f0fbae,0.0011687660080640465
ck_ae91b4cff57fb3bf,0.0053606444114894
ck_2a6d43b9f883b78e,0.7339689259927205
ck_7a4e3d553e8ab5b7,0.04698026737463451
ck_fdf89dc69f700f84,0.1231738004308777
ck_f92e04024bf13558,0.0017869710629886439
ck_4a522ca2dc4831a0,0.00042323990203823654
ck_68ba25dc3385fea1,0.004902137341006377
ck_22128a4f0d033422,0.014426732272303275
ck_5b52ee0a13c71590,0.0035385633447249576
ck_59472d17debedafc,0.005124175762447962
ck_9dde2c63acda3ba3,0.00406261550346357
ck_7510b1023cd08531,0.003297254219347336
ck_071ddaaf2e4e3671,0.002959870905288548
ck_1355db6f4010232a,0.006741864085440789
ck_0a7adc2f27f98510,0.039173852269229634
ck_68250033717cd59e,0.002803014516924037
ck_7c12de74de30b788,0.48772269897947707
ck_65491367584c730c,0.007291127584093816
ck_e9047964952bee70,0.030437695846514325
ck_5567779d6ba184eb,0.010428068660531201
ck_d6ea026357ec6477,0.0030474591649975393
ck_cd7dcc884e283746,0.024365179113589316
ck_0bd77fea8ed75a15,0.004842575156966528
ck_e80883208e8d0453,0.0035341593887553042
ck_2ad0ecbacd5acf8e,0.9826776522170698
ck_6c1dbee7e8fdd5c8,0.011552710537356481
ck_ee4d9a7449515908,0.0006977600408504929
ck_636111f7f030496c,0.010290256760926982
ck_2c629c657f73941f,0.003918791169313391
ck_c1c9d3842d758420,0.125995886828091
ck_e4df7faacdfe8c40,0.016224606614509564
ck_94e8142728e44380,0.019502206938560925
ck_765aaf42c5088545,0.011345327513509047
ck_e0f845159b6e6a4a,0.003921727072078532
ck_5bc07deb82edbad7,0.0016194163720144872
ck_713159c5c6a7a4d0,0.9925077687899
ck_b08afc91d9ca55db,0.010260392826007622
ck_a7bc323ffed2ea97,0.060701710837815157
ck_85ca825f905a34a1,0.025090096264938182
ck_33160c443d4b3f19,0.012461745394257583
ck_832d39c590a3ca75,0.8640850697822984
ck_7d1661a34164406e,0.9740107518792156
ck_c2466fc40fc9d5ed,0.9865860416802988
ck_ed0e776c0926ce67,0.0815909290512424
ck_cdd2ebeec75bfa69,0.15335448500510357
ck_d7877684c7923ec3,0.0014437524375416093
ck_7384d4d2406aabf4,0.005192083986688537
ck_b8e5244e650aa81b,0.022127743490692974
ck_25a1ea40b2d59254,0.0007820957495812285
ck_b9e5b318ee4de68d,0.005511396470550022
ck_620d7ae27af83cea,0.006104078186297711
ck_40b4e264d1a12b83,0.6953690475338912
ck_b694c803b62862b3,0.00178321064660243
ck_cbeca201dbade3e5,0.02579627960675069
ck_f9b439c9161c3e52,0.0032926726293885586
ck_9880410fcd10a28e,0.0016850355740831169
ck_74928f5f91aa12b2,0.0420152085095487
ck_b6673bbe61d2680d,0.013035881116829563
ck_53c8315b5c30acb4,0.0020852177523237483
ck_78f01d78ea79642f,0.008231130248903509
ck_8582490d6e365a63,0.01308985592274157
ck_af25c72d16299258,0.00037558194065177137
ck_7905fe8e257b0449,0.1119963712860003
ck_0d16d9349e4a9e08,0.0520279357085881
ck_31b16b8848584e98,0.02208561891964665
ck_67207e3eecc02d76,0.007996999131740857
ck_e6b95ff91116a592,0.007615337734553032
ck_c08f622bcd6de6e7,0.013594531891780778
ck_f9a68da9e0f0bc85,0.0014286718787706828
ck_4072b59388976896,0.0027734008277829148
ck_8ec86e853ad52828,0.046564418897785016
ck_4fecb87eaffd5cb5,0.0029187919605532632
ck_d6880578428b965e,0.09568032545790767
ck_bfc82b3c1c9f2897,0.8290082371584113
ck_c340644176ca03e7,0.00625969939103484
ck_321e740066fb05c3,0.49228353146411286
ck_8929d2eb09872052,0.07888204163390658
ck_205c107cec528414,0.9135704556759823
ck_e76db7d2562f9836,0.016232951214217327
ck_9ede51c8434cff6e,0.011647460792840576
ck_492e4b89c61b7b6c,0.0035525115554813844
ck_9385f5a1eeebefcd,0.025597495455535663
ck_ee52c7bf88f952ab,0.006520424660856772
ck_d8116c34302021d7,0.0022819906541405944
ck_01645ea51972e99a,0.0418056621484932
ck_7b45ed23304a854b,0.004466216781382995
ck_2096d32f3d497ea1,0.08499793961185106
ck_dfbb2056f1ef7d3b,0.004143068658025618
ck_938ce30c864bc7df,0.0006272010339899635
ck_ff30dda2c881a4bd,0.8431273279840446
ck_f88c79186a082beb,0.01611204193110937
ck_08c7bb0f9851cb76,0.021992366462055296
ck_2675e7a008e584a7,0.013170279186457592
ck_cbaf8a954281d4e3,0.905574145390901
ck_8b24eadf6c72b30c,0.3441834246606036
ck_ffc8e3c1377d0706,0.001482005144552538
ck_5b59e859bed5b40e,0.006258739903287756
ck_7b61717f172f9317,0.9069404401118806
ck_e5c30947b732f661,0.05907477479114218
ck_bc273f3ce79f7e1a,0.0017390177257065914
ck_f69e93388b3028cb,0.026261784181362692
ck_3837ad850996ba60,0.00668591842997823
ck_36d78ff3bc033ee5,0.0057001464372041935
ck_5e20953547ba4135,0.04424847565939831
ck_258d661e450ac870,0.003441622377891367
ck_1df66f537496ca59,0.05137045647815023
ck_361f535599110201,0.0023069972471802883
ck_337e98c69f6e7886,0.003997300356056047
ck_d3d5b2717cfc3913,0.057016182079407354
ck_b1dba768dbe7affe,0.022076347171790488
ck_92d782bd9ce0d1e3,0.016592524554440585
ck_26bd0f8898afc8ba,0.001384554556042793
ck_7916e53daab36745,0.02826826044265866
ck_2caf553b31831a50,0.0025243824233508023
ck_c6200734c7f9b2f9,0.9055828343371252
ck_cdc55623cb16e6a9,0.0020118233041022567
ck_57849e15b61c43b4,0.0011667338925284688
ck_b7af9b2ee0eebbc6,0.018514049286448116
ck_00aa5fc3b3bc66aa,0.0526845748852523
ck_9929723f65636c7f,0.996683548089852
ck_8f6cce9f69912983,0.011240682742013045
ck_c422ba389ff00781,0.00046898202889824887
ck_9ec7f334604a228f,0.0036892249745608245
ck_5d01200ba3341462,0.005364532520953815
ck_2bf10be403849c9a,0.0038178536438292455
ck_6ca018259f70858f,0.00452328082846885
ck_a54dc042ebb7c766,0.1591122333913882
ck_79da63fc100830b5,0.004841098887029985
ck_67ab6f9e05c85085,0.0027551624119526155
ck_fa80da579ea9afc0,0.006822311645411141
ck_4339f86c87289222,0.8655788606713518
ck_a2299b4f530be0d6,0.17021824094927102
ck_19db0bf788697c2b,0.003457025817286017
ck_fa4211c4d826d830,0.0007077247108400195
ck_96100d5e8e051e91,0.0033380116957242812
ck_5c3a671883d58b3f,0.00028434854163981007
ck_2d9524787cfe1ab3,0.8721704340480777
ck_47ab8e51e5b3a2d8,0.0012023291366337942
ck_c924f36bc1bbbaa3,0.0031967509875128787
ck_5c58e7f8fd55e26c,0.0012691989963841636
ck_a07e7409d6d5aa06,0.0031085167329159553
ck_c8413898f5f7cb7d,0.015271383316696151
ck_577c816b41cab002,0.9778370895861341
ck_9f7807ed64cdb728,0.053516776072869934
ck_495d814d6d6d521e,0.0012386808524073244
ck_7aa8bc018c2b003b,0.0020035987350880717
ck_7c3a6a82f3c3241d,0.00843273031077535
ck_487f7fbc290e4ae2,0.006608039163239096
ck_e556c4d36aadbe03,0.0014389008136412198
ck_7e6569a1b2455cb0,0.0009573304677012999
ck_de2924955926d046,0.01526394214308067
ck_73d60b4630e3937a,0.00215658587243155
ck_805ee564bd35ef15,0.002097317820453209
ck_0d40961e47797027,0.0014999596532866651
ck_f06d00a4f9c87d80,0.000724167640139367
ck_5ef50fb07b6737d5,0.012679237957937106
ck_16541fc15683e21c,0.0017957268821858763
ck_09fd43f1b7e2eca2,0.0012394118510750053
ck_2a2c336a69b8d68d,0.009227337794637799
ck_2685f38930866af0,0.01426542625786858
ck_298278a9da874437,0.0020992433878630557
ck_00bd7803f2530c68,0.0075940100293903235
ck_c2b4a1d8c0b6c1cd,0.0010707260357417188
ck_2acb54ca20c3af6c,0.024631519545969455
ck_e3d4b6f681c783ab,0.019587977064901473
ck_f90293f1eba5d7b6,0.01707134943228098
ck_e69d27e8965df0be,0.0021588717381224613
ck_b7f5d10b427346ad,0.004016638762426385
ck_1ce20e4223a936b1,0.007733944873329358
ck_6b97d1ab90f6bdeb,0.004769224393768454
ck_e30e17db5473c7b2,0.017227176775801063
ck_154c8efb19dee665,0.0027464005833460012
ck_6f5bb0c930644cae,0.9960186085067416
ck_9e17699baa83d173,0.000970786970606396
ck_9693b1eb70880205,0.00397550898323202
ck_1e97899875bb427b,0.00420037589823382
ck_558a82590f65df69,0.00042130012630243324
ck_18df83242ff3cdbb,0.3890501209905051
ck_80ad4396e1084c68,0.011569109937748937
ck_0a993bc947bab61f,0.008023526548194937
ck_5c2d43ff841632f9,0.002056295777237182
ck_6e4b99fb9725d9fa,0.003111894465967686
ck_e0983999ca26c19e,0.09276460421361862
ck_6573c4947cc8607e,0.03495810853741683
ck_d879d645d6e44207,0.006904829535446545
ck_1375ad9f10688e4a,0.0011687252662008144
ck_7501ebbf4e21f160,0.003649633180559468
ck_ca60d61cd4dc3bea,0.0009545971570119296
ck_ab9ea095a5c58b4b,0.013104739277535785
ck_23756522b58df5d8,0.0011190127379428199
ck_90bc176c43d85fd5,0.0367179519964133
ck_908b663b2dda94ad,0.051781304586943876
ck_4df2fb8e4b649e27,0.0015742808472031032
ck_5615c6bbdef05291,0.059815867406224535
ck_b62f3e3185251f71,0.000643648320056703
ck_38d1a22850178f33,0.002728279216801191
ck_5b3ba20c8bb1383b,0.005419455422013999
ck_5576ffc6aaf6f22c,0.0006309571507153995
ck_cf7a022178165e56,0.0025427864337867886
ck_f2c7a4c50e2ede96,0.021575472595061367
ck_285719c77eadf915,0.0012459045437586583
ck_f2aa1b677619ab19,0.0032244600705724122
ck_3830c58d841e9e69,0.5811903523242903
ck_32eba3510c8eac5e,0.001740505968062963
ck_8955d7b9030d5eb5,0.010165303077140364
ck_6775e387dace7525,0.027456748647987715
ck_0a0cd7f4be606a93,0.023942180423704173
ck_a9f700eee5d638df,0.010406570224070634
ck_3d7db96995745472,0.008627033295653676
ck_aeed557007d52e9c,0.0008151965351924529
ck_79b6a86830156b5a,0.028461385699062997
ck_6a1ff9d69466181c,0.9970983077417733
ck_f11b1565f986f5e3,0.029083463665137282
ck_4819327a78615485,0.002074321346352424
ck_3ed9e081959b2f5c,0.0048975147922948725
ck_16af4be191c47d3d,0.0019183364072798866
ck_25122cc0e8b1a662,0.12117354120687626
ck_509c22828d467ba3,0.0075640932798752905
ck_31109c899336348d,0.022176711582777866
ck_c51131e53baa59c7,0.0007782894911256861
ck_cf8ecabbc61d3e11,0.0026659370532758774
ck_eb6baff0f85ba936,0.005501746225803525
ck_777669e2243204f2,0.771551101661904
ck_ac0ea27e692acdc9,0.03702568475063602
ck_4c6ea04ce8ca9e2c,0.002635450863263348
ck_ca54b32fca7e94cd,0.003294380365154435
ck_4dfd8947f540eb24,0.0032790941086591557
ck_95aff1fe27fb24bb,0.02251707626896262
ck_c7550723b90e5615,0.0010571438421539165
ck_57b3fee69bdf85e8,0.0015057724478506535
ck_f823407ace7ff064,0.027892474494105323
ck_a69084a068bcc8aa,0.02371576636238983
ck_c7b17f7b24bef5d7,0.011113662469267028
ck_7c4e588f927c27c8,0.00340928627739786
ck_77fdac602d0c6f95,0.014820636993132477
ck_e963d8525018d072,0.01288333460328842
ck_6e8ebaea8f7bffaf,0.0007769848572492935
ck_aa42976a31cb7770,0.0046621116844130055
ck_22c862a496008c96,0.990070660643737
ck_527550dd15f38782,0.008533432982799433
ck_b3ab3c210e2c7c19,0.011896802236654458
ck_ed9c56fdb9f45ddc,0.419553241749265
ck_b53281da70defcfa,0.0042256801019700295
ck_03009b721568ee98,0.007445392533444839
ck_3d9afd862b3f4053,0.16575580982371504
ck_ad3c4be96599554a,0.008293531107601563
ck_d1c787c27d50af49,0.018038997059013497
ck_c7a9c7b2eef46a99,0.0032623984092207403
ck_53036d3c6c74446c,0.05298441024626127
ck_1b1efbd9c0964c8d,0.00984965404021671
ck_d66f42a269d5c1ed,0.018539240562066614
ck_fefc49a2b8ad993e,0.0028282971778566994
ck_8b3b874249adece9,0.023281149534350655
ck_193d9c87ad3f1dad,0.00141367498635876
ck_0c6a50d747593b7b,0.011352308012736814
ck_c830f3830875b47a,0.0068973375187544525
ck_79e202f06d8dfe42,0.11182284789026868
ck_5c0fe988b8aa7fcb,0.02531438906717113
ck_a8382d8345f21e1e,0.001618949504033762
ck_8cb20053914692d0,0.013571381208738248
ck_1da2f69023ca4c13,0.000847483506524399
ck_38abb60995114f8f,0.020943179160344834
ck_f5791fd8fd8fd191,0.00631884925803355
ck_a4e6fc391b674335,0.6817625958588585
ck_bd771efb4a7e15d0,0.0029243663678729733
ck_38ba4a6b6a292054,0.08339644916767883
ck_f7a07283345a0dce,0.0011901652305823572
ck_87dc484baaf5a23a,0.0005524136364669791
ck_c84ef83489badbfd,0.011368264410125149
ck_a397cd64ec5d644b,0.002529801095525458
ck_7977135c2ff61e92,0.0036947329971323455
ck_52174855b243a8b0,0.022975050787111328
ck_0f35e930d0614613,0.9967785607344467
ck_b170a7db522a0d6f,0.004648493119237663
ck_7af748a23775bd54,0.08066387244222067
ck_52f641c9ee6fda70,0.003795297095792588
ck_c3719a30414bbb4d,0.012995036237208091
ck_2baf214ad6bc0dbf,0.016290544506109908
ck_8b39d8aacfdd72b4,0.003272351908783043
ck_d39b0152116203be,0.00886496955430861
ck_ed33f8a937f9c7c8,0.0030018359168073544
ck_8ef97b55a5fd6ec9,0.004173288096057547
ck_8247f008a14bd1a2,0.0016846255651605502
ck_f0d349d68249d5db,0.0011665880982668986
ck_a544e766540861fc,0.006556252815819419
ck_9dfaca4c7c80b10d,0.20395783874396284
ck_7e5401c362b2216a,0.0010005575681154874
ck_64ff60c073fdb6db,0.009545173036714495
ck_fc5ea49518e5d637,0.0007447683844433387
ck_580f136ced341298,0.0016213480352546175
ck_9cbef9bc95449dca,0.009819884006052857
ck_e475a3b8ba870a7e,0.0033246138484407358
ck_97e94708bcf43563,0.003324310169863635
ck_13f03ec785cbdae1,0.0008772446913105329
ck_152820d8817f478c,0.004252027060479128
ck_d20d4ba60eec9945,0.010788030704526523
ck_5c45968a805132e0,0.009369427362280122
ck_bebea2cf3063fb24,0.0051897374347007206
ck_c3c69aefe7ea1d2f,0.0033419963788393708
ck_02028b72f26fe855,0.004899579239640043
ck_dfadff70a58a9133,0.0005720590426325381
ck_6482ed4491bedcaf,0.0035679488293213968
ck_754cd7b4a5ae3f94,0.03561510281863398
ck_3132857aec8485bc,0.0012723745713707829
ck_7ce4ca91b8f9f1c1,0.0034020817306623075
ck_41938582f4351772,0.005318852776630962
ck_f87d66946252476c,0.08907446142280297
ck_8053f1879a9b4e43,0.0012208648886318874
ck_93892e91387f5103,0.005533438100063174
ck_15254db133b28371,0.008569892419120685
ck_d557b9feb241b3ec,0.0011253470526336037
ck_71c3a8e4c12c989f,0.0026203008355098942
ck_80e3041811033443,0.053475006777146804
ck_3380d60067b4634b,0.0007648898096158195
ck_a9c2cdc758df8510,0.022818322997068687
ck_3c0031d7514da17b,0.009115635259825531
ck_18d214b1418be39d,0.0017713460919007204
ck_7ce768407fd48321,0.010421860882399544
ck_7a50abd42298133b,0.0023151646078537545
ck_2db10f987d137582,0.07140099009825332
ck_e077d004cd1d80ae,0.010770525056702774
ck_1cb6dc67f9a321b5,0.004211166377926161
ck_b864f64101149c35,0.6032810503142729
ck_9bedf54df9418e4a,0.0012506192384274901
ck_c47e32c47f0e6578,0.04967225203259549
ck_71f382d5e338daa3,0.004317267406104188
ck_14b4bf7be6ac2b61,0.03573681864239876
ck_5c87eea1cc07cc92,0.03893804498972638
ck_5f445182829ef342,0.011914676035619116
ck_a5d7311291caaa54,0.002552176680531241
ck_b7df99aecef385e6,0.03152247150804072
ck_3327a0582407068b,0.017219453845779144
ck_08dba09fd7dab896,0.008221045920082382
ck_f4ec334be5266378,0.0037117330890643315
ck_240f7f894c5a86e7,0.0013800953591628572
ck_a9d994554fc14a02,0.0001625376696482832
ck_13648cbd306eee6d,0.007383629603718059
ck_601edf9105b3c321,0.986260095513847
ck_9527adac182abe57,0.8974627645381649
ck_4e0e80f5cc271bf7,0.0005525959981700964
ck_96a89e720176b389,0.07651043343121969
ck_63560eec94b76d2f,0.005261298185680775
ck_c9c99e5b19aeced8,0.001446781357603421
ck_bc32655ee5ed643e,0.013864700247933829
ck_edccb5a93b741744,0.0037433752384724733
ck_f786cbc987b70930,0.0018229136361555519
ck_0e8f26536ccc8947,0.02680349000397831
ck_b87ef4b98cfcec4c,0.008733433336818164
ck_1a9235812de4b2c1,0.010028291553717593
ck_d1ed88ea4211ba4d,0.0018828803911086138
ck_a4ddac49657a4450,0.02612983651224462
ck_d9ffca35188e49d8,0.010823796759823676
ck_3db73bbe03c3d240,0.0017091291313734343
ck_fffa0622344a36ab,0.0010517649366973936
ck_148c28df51bba5e9,0.9009798846801799
ck_076cbc25c8f15fc3,0.973275281332714
ck_e5ca550b39ed45bf,0.5715192143454529
ck_8dacf3a2061ca17d,0.004252419293800462
ck_2d7394afd61643d0,0.0015350977667313685
ck_e42206e91f6a1752,0.0010131521691648174
ck_2f4f94827984c426,0.00273044663532014
ck_edfe8e90e8f4366e,0.0012592495681839357
ck_646b15f753e5e9c6,0.02517115132627825
ck_66600620149c8799,0.0018352220179014237
ck_4ff6fc70bccfba96,0.09502657775227788
ck_41af3729590c2484,0.006426592433158564
ck_920a48ba8c583e96,0.0007256911313023738
ck_0253b3e7be021306,0.0004866630853229338
ck_2ae6949246ea2648,0.006334941760735272
ck_db23a5100f338d72,0.008326355547682376
ck_fcb2a559474c3493,0.0038473238974290253
ck_0a4d7acd2a53cbbd,0.0010778878294444277
ck_c5d62b2b7a6f3bac,0.9874198498588612
ck_cf59f4fc0ea690b2,0.002214568797084644
ck_837be8126bb19250,0.0007076602810381957
ck_58955542edee1adc,0.0025898698398778537
ck_1b93381d8eea58d1,0.00471152301365129
ck_97b8e05d62abdc14,0.005166491127742385
ck_71a0d645744302a3,0.0036760361029890658
ck_a7b57882ab66b111,0.0010883059554486858
ck_65f76421be648549,0.0037049520218582514
ck_b53ea8713d32ca7c,0.014341674044941554
ck_991c4c924a1d85ff,0.901955272114957
ck_8432ccec1a4ec7fd,0.9938379460572488
ck_64c1633297f43788,0.003282468332149989
ck_4291fd9c1161d8e1,0.011679335125218137
ck_5e98ed6391d9f429,0.031288336521203566
ck_c7baebe4549fdbb4,0.02869581463722718
ck_6e67225ba59fa5ae,0.008592356767527618
ck_719602def4d35fe0,0.012639105172505233
ck_bdee7c86f5ebe81f,0.0053695966817026404
ck_8de38f8c7f91961f,0.029526871811072896
ck_b0b5bf9254700402,0.003398888770510258
ck_7b55d9bb1a250d4f,0.08000057828197231
ck_3954b7b0fd1d6614,0.0008454211530493225
ck_f29471fe7c818d6a,0.0013795694355353142
ck_9e65a8a2f587691a,0.005128001578602399
ck_eaec5f1a83b66eb0,0.06905248960459298
ck_004fe0daecbe2c1a,0.5120032901776903
ck_d17653a4a2d4a79e,0.02266724151082057
ck_0dd417fcbf19e424,0.007225196394734866
ck_4c99a6eadea143e2,0.07475183769411654
ck_74d602c907ee9119,0.0005196009631594082
ck_1aa87cb62acc0ac6,0.018060883687357705
ck_094974d75e29fb2f,0.1351604709346082
ck_5ef935ac3d4d3332,0.005023471139824287
ck_b26e4ae47c9107ed,0.6824305434514497
ck_396cea6f95186ad2,0.027412366231799275
ck_48446a9e8184c7d4,0.002611672278694962
ck_31e1ede23247d56b,0.01531723156476419
ck_7afefa349b960a3e,0.004648865634506281
ck_f5e02a3432571b20,0.08215401901538354
ck_64eefec062592c43,0.004421004931525845
ck_a1201284122c141f,0.01895128955424847
ck_1b34c420a4c85a95,0.0024863560142455838
ck_d637a011332ba67a,0.0026539243711440597
ck_99c0004d8b7079f8,0.002360573878026967
ck_948517bad569b40f,0.01601938770746832
ck_a28d6b1601b472a6,0.019909167807171176
ck_a0b4209feb31f5c0,0.9964555243583952
ck_d6d2c1f6dfc455b6,0.7825515919877671
ck_3f9e6d356d3dd3cf,0.0014900634766281439
ck_d08e00c842b75176,0.0019485078804059677
ck_bfdd232a7c5f2660,0.05000450794976509
ck_2cdad03ed069438c,0.008800482903969327
ck_42317c3eabd0a285,0.8640626487508409
ck_3eb73e56751c704d,0.0172960772445594
ck_ef33c04f4c9e3758,0.030855327461577826
ck_1dc23dc870f1773d,0.0073595536109132085
ck_76091f357974a152,0.012287322994921626
ck_4d9eb75e8eee90fd,0.012301805151494035
ck_578f67e69e5d2cfd,0.0023398984561812616
ck_3a8ce1cc724229b8,0.0007663680348766746
ck_a96887f841e80fc1,0.015127836920414143
ck_d2d4a8f4a9f2c33f,0.0024282234630584884
ck_11f85bc705dbe036,0.04522990092844562
ck_7429b3f87528e335,0.0013464942463331153
ck_26df74feac7ec51d,0.007030647286175999
ck_c78b2638fadd91ab,0.02252937824461147
ck_7eaad325abe3b50c,0.0012199328957026813
ck_fd44e34af620e606,0.012518280624006345
ck_f99738dff854e25f,0.0012811855484645561
ck_1ffbce3a239bb264,0.002646446727994204
ck_96c7d52ba0a766ef,0.01497949423359723
ck_cb1c00c300af3f9e,0.014312692857241294
ck_ec3d12848ced99f2,0.02286528286739875
ck_26cfd7c3c6c7bf69,0.0025021715792023567
ck_7ae86b5a885affc3,0.0336185220726066
ck_3edaa94d28cd48ea,0.004736760248432853
ck_3209c530c9812e39,0.003985550363633154
ck_ea62ebfc1f04b49a,0.0019089434800826737
ck_5fc90b4668ea81bf,0.005982936755328119
ck_95654593cdebd141,0.0007302622954425584
ck_958c0bd61820147f,0.0314822171790733
ck_8440ef1386c07194,0.002955113418943367
ck_8cd1b68dd74b1375,0.20863743774630006
ck_c9eb4df91ff07f2c,0.007301683056563065
ck_c29489366c01fe65,0.9636249704588339
ck_c965fd6bec0f0ecd,0.03219364083884994
ck_84c402b23766e1f2,0.017164006375120548
ck_181f3dae03b87136,0.011473318146932131
ck_022a8ae79eb28cf6,0.9760488638570795
ck_469c17407d17b706,0.042416665867156235
ck_1fcc5843f39148a9,0.0033658673775925096
ck_5debd55f361b2ddf,0.004093350686718007
ck_28cb9b03e89263f1,0.001239103670931885
ck_f067470743d3c7a2,0.06055054041630019
ck_d5d225ce41a1a762,0.004080171822729804
ck_15b4840922195ffd,0.004265993940791904
ck_6bcfa37c717f19f1,0.017620197448498184
ck_8d501a0386c66be8,0.03407458678036793
ck_1a9d6190c57ea7e2,0.5819192201309021
ck_c49832eabdac5bb7,0.0009677163976885194
ck_b4331140b2e0d4aa,0.0015319286828971736
ck_5efbea1befdefe1b,0.07251006086520065
ck_72ff52c4824072ce,0.021249540496864575
ck_ec3715add8bbb6e9,0.0016878220599696857
ck_9822f8ed05335741,0.004220041296211004
ck_c3d7d3d12a1981a3,0.0038679388935245968
ck_a115a7919ac5875a,0.017639906706389857
ck_4dd4ed23e0b927b7,0.13452873041857027
ck_4c76efcc1ee6762d,0.006638224608823305
ck_3ad6e7bf452c9b21,0.005068416386402086
ck_dcbab304b55a42c7,0.035185560586421624
ck_24b53090faf722cf,0.003268617261936062
ck_187317383400491d,0.003852966585063406
ck_e07fd57565c94c28,0.01694895207428117
ck_740e760fdcd27835,0.0020991097197771784
ck_d3796aebda1cfed5,0.8613252605343622
ck_e541967c681cb929,0.006338384750406047
ck_431118050b834dcb,0.0005282027587641222
ck_90f3655f0c8a0074,0.0012570022932283835
ck_13cd943777651aac,0.006758316300477097
ck_66accecabf3901c0,0.011487198075841896
ck_937f0da2306b2eb9,0.0023640348175759515
ck_105b0c93573fd5b7,0.9184272369214839
ck_00480407160e0743,0.002097893243423031
ck_e032068be7b77d15,0.012633179085670906
ck_991b7dfd69098320,0.0014363107552249552
ck_37d47cf0f34574a2,0.0006093173346448322
ck_011551a596544f5d,0.001004039394416504
ck_9acd98f4fe2d474e,0.25017701161471273
ck_7c88d3d377bb61bb,0.006935637766176869
ck_e2374c7136c964fd,0.05180639135076266
ck_2fa8f2577116e9ca,0.013931292629063596
ck_d07c5b0321c685ea,0.09095119347117349
ck_bc736114a31088a7,0.014301504851851526
ck_32bb42f9bff197f8,0.0028568649117443274
ck_66267bbad1f1415f,0.9955342121386626
ck_19988702ccd79201,0.006484030795456177
ck_f473a03fbcdbc4b0,0.0020947159985710766
ck_e3f1d85fa5d49396,0.003036545602562662
ck_c4402ea6291df271,0.015594111408494097
ck_243bd5ca8c4ae5d0,0.003299034859602082
ck_f271e855925e8d6b,0.022535726492956026
ck_e424148c6f2223df,0.0024019149220297553
ck_e4d0a9e1102a58b5,0.0025063737698015863
ck_91c2a5fe69b9b1d1,0.00545669767279133
ck_5fd8924732fe403e,0.5773316469660568
ck_9a881d5433126ada,0.004641222903756205
ck_73cab88b29c7845d,0.03798942694421228
ck_5b5dea6476d4e182,0.017187375723793377
ck_ccccb17d2ca6ce94,0.05672345678616205
ck_cd1dc68e441222b1,0.9782977055519779
ck_8312c49b1431a406,0.002360910959081628
ck_25fea39897f2a559,0.0024104221498924125
ck_f56200205280bddf,0.026680853530073247
ck_7336611650dcc088,0.004379037211425449
ck_590716322ff147ae,0.009375058757457254
ck_c82364d87875a1a1,0.011650619241837676
ck_fa4b60387d744fc5,0.0005924419282950442
ck_d841eba8906e9a15,0.0011090569692919485
ck_d6df562a79b9d0d9,0.005048928467445207
ck_59a14d2564193101,0.001087412637466134
ck_8530158e3d7f59e7,0.001479628333591828
ck_ac68d707006c12a8,0.004666219477450101
ck_976fac1bb3dd8c58,0.01688860877003002
ck_f854fba8f4adae3d,0.12114759962313486
ck_b98e9c3ec6e7d1e7,0.002722769830397693
ck_803c0b4cf9d4bc1d,0.006292288669631221
ck_76997a33c3ea5107,0.0007962110954780685
ck_f1a9d832b700bda1,0.9816099248863012
ck_2bd96ddb8c323d63,0.9929052054588707
ck_9e5b7acf51b1b743,0.005676807667603796
ck_09169f22194fd6aa,0.010992334017018136
ck_6d69e092f9b0848b,0.010371316131836032
ck_9f83fa5a2d3b9049,0.011748593665188134
ck_57bbb19eecb4b87c,0.0022762127318733325
ck_e0e9cfabb979f428,0.0016009847510460903
ck_b1ff9edc51d42f97,0.002687893169539864
ck_4682fad271d47eb0,0.8680468280109217
ck_ab33fb754c818ae3,0.012243126010278044
ck_b456f62b80e21557,0.0008430089269677666
ck_16340be3f2a7fffd,0.0006911591830234103
ck_ce66831f6611014c,0.003970600388941694
ck_4610a073bb54d1b1,0.007339072972082754
ck_fd038a7d33a9d6e5,0.0007615680839950278
ck_c8198cb4c461304f,0.01610750377233609
ck_1e7de58822000dea,0.0029554842776550725
ck_b2a79dd3df560f14,0.015555859770580615
ck_74a06f347b32347f,0.0036944200312022967
ck_c6fdb2972417c9bd,0.008997827039201087
ck_d7607a213b800bfb,0.07521820493846904
ck_df65967b8b40319c,0.0020502092171093105
ck_329a73dbd585ee09,0.002853978860923405
ck_74991a9e85c3b07d,0.007653019576442939
ck_bb76609b79e0bc9f,0.002470283053550595
ck_f7fc1bd0b9ab1fa4,0.02256248912523356
ck_d111c98b36bdb791,0.0019215868194324894
ck_f07e27d125497b66,0.011662279952871649
ck_093e3a7134e11d6b,0.0029608204530699967
ck_862c7953bdea48b0,0.00436702603902166
ck_392cf2cdd515c34d,0.002183744813470616
ck_80eb91b0b4001084,0.047694767151216566
ck_5923f53b77193a58,0.053991485247232116
ck_8049f5fce32be185,0.6041273816473512
ck_ebc5a2c6cf88e252,0.042463100498651346
ck_9ea5872f14cce338,0.025276219870889967
ck_f7fbc95ebf584379,0.0019760319424189376
ck_bafe82c870356706,0.9893709986193195
ck_278b36c5932d9bff,0.0005320707897918781
ck_6a892dd5d05c1649,0.0057792347410318854
ck_0734fd90b2cabd43,0.0027923301179513917
ck_9b552204498b6762,0.007700286517692936
ck_f6c909c205767956,0.012177875857895218
ck_32f590e87bc3d715,0.0005173833302979826
ck_66a8325f28be7562,0.0013793459741649953
ck_b129261da9c3c3c9,0.0005488180274998971
ck_a524071c51ddde20,0.0068956472895959995
ck_ba576d6d4cb6130b,0.09849868787746488
ck_8d8226520722af78,0.01192093686613255
ck_c5b0f0d4f1655a20,0.00994287097447652
ck_61814ae9b6d8eab1,0.0029590484496897847
ck_382ebf136f7fa337,0.07241020249830196
ck_423ff4ede6a9f066,0.013510616161463599
ck_546ad962d04b7de4,0.9802861759693824
ck_9473ea4a01c95f9a,0.03469694311937114
ck_9eb1da8cd35a50ce,0.007382906684418771
ck_de5eaa2cdbcb67ff,0.06423999981802399
ck_537cc97d0398c922,0.03257319728740674
ck_998475a2e4dfad4e,0.0032971069167922794
ck_e62eb708d2688fae,0.012463622376343733
ck_ea623358f704daa7,0.1049578632350588
ck_b911a09f328dfd4b,0.0009683764648228158
ck_4b3506b624e5193c,0.025831644846929014
ck_448456f96788713b,0.04765989921642915
ck_5d5ef9e75f65d076,0.00795954052501413
ck_3b74512f774a6e5a,0.0011950697339264524
ck_a032e8ac1507c6df,0.9643103415632209
ck_7e2d6b22a0ae20c2,0.036934867758505296
ck_d80283209c963f11,0.0029718265679540058
ck_d1157eade2ac3975,0.010235250734838334
ck_be48f583f79427f7,0.007680938443144644
ck_0027b5d4107d65d8,0.029269457229174466
ck_94fff69584dd3b2a,0.01014174945266202
ck_75fcda73f0b43557,0.006048066754079723
ck_a1c78972e4ee4082,0.013734781972169421
ck_f0982bbdbd122f91,0.00872108502219969
ck_3199b471575aeb3a,0.0017865349459755511
ck_7fa947a0b1c1cf74,0.016400470673257332
ck_a60c618b7f0e4252,0.009034681896313021
ck_722ac47c8ac9b6c3,0.4525845811274122
ck_d44dc3839a195c8a,0.05560540165693408
ck_a2c3e82fab520483,0.012029989787052378
ck_6f8ae0319c07cafe,0.0011616426228052105
ck_49886ff1e2c759d6,0.01842235590930439
ck_150a1108f936e6b0,0.0027588022303343743
ck_e21f9f96f597695b,0.00647271389547099
ck_7297bff2b7fdcbc8,0.0005481113826609694
ck_ee949c71f4f702eb,0.9857009847642463
ck_6fc37dea4b4f35c6,0.02321013718342825
ck_e76257caa98dc25d,0.9759510970103268
ck_828eef2334e17b3a,0.006000536880310073
ck_604e1b8a8c693aa7,0.002414578166711018
ck_7743c9fe037d1f9e,0.007743437883161622
ck_864a11202e19e812,0.43489016096815103
ck_4ec040b9e3785e4a,0.00414661042169044
ck_7346e4f820d9c00a,0.9428243781531697
ck_48d4d63beb26b623,0.002637514727674996
ck_c423aa6de3ed1e01,0.004775897852702837
ck_d74b2ead8aaa3f73,0.02053040258599438
ck_1dd69a11daa7bf1a,0.041802678959934066
ck_d9143e236eef177f,0.009715051624353998
ck_f790d91e5ff0eccd,0.11007233522723994
ck_69b5620e00ef5dec,0.0008436720499442743
ck_cd32e58e8a1c0e85,0.004662517541248534
ck_064013b0957d87a5,0.9906906269266595
ck_a481385c2e60dc4a,0.0011702530687333183
ck_d72035cb29db3aa4,0.0068920402178643935
ck_3759939a0205306d,0.004877026496354712
ck_f437a53fc832ec95,0.8940526863387065
ck_260ef2f3e6434819,0.016022310142603573
ck_35e411b05d22f663,0.003570979431693552
ck_8bf46e472f3e20de,0.05504219065715221
ck_d546994fc5d3e9d1,0.00403388587073702
ck_6ff0fc7487e737e7,0.17950922632479652
ck_5c67f27816ae0b6f,0.010238250976663615
ck_c5517923458106ae,0.004589537790538109
ck_d9735647a6b0b0a7,0.7346045860407318
ck_541a734fc457246f,0.01752328976858383
ck_2f6a639468f41043,0.003783894368836595
ck_bea2cf7a6b7bb900,0.0025734713205113574
ck_7eebd0e6ad6c070e,0.020448153904242226
ck_b64c87d5e3b10e6a,0.8944612574782191
ck_9dd7daacb7833233,0.0064325773291273106
ck_396e9ea9a6c6d7d9,0.010545913172644946
ck_1645e6cc53fa99ff,0.029005687703717153
ck_ea2a83ccb8d57490,0.004547268583778781
ck_e64f0df63e1be595,0.03161126381773524
ck_fa0b234481cb57d3,0.009960889828693639
ck_63379e3c9fe6f711,0.009824110600455646
ck_c67f7944896a0310,0.04067177707919477
ck_c10e54c9db29e6ef,0.9945607542201286
ck_7184ad7709ae4c80,0.013189164499655962
ck_f8b6069d7577fde6,0.0016807552738106301
ck_18444be153bac1ca,0.9166917433114197
ck_d0982b4e0e118e4d,0.008680931909205611
ck_6faf3e6820398866,0.010786212299653257
ck_97e980463aca4644,0.0011827747912759243
ck_630c835243c66b19,0.9871475868929787
ck_fe429ba3e1aa0e4f,0.007732241998349097
ck_1058129ed7b48c59,0.0083554481492159
ck_04a1a46f07885296,0.007639125858730641
ck_f01e94331067edf6,0.006999667287370441
ck_77b2fb17c29f5e72,0.011331803428741235
ck_4f0c5857da45fb28,0.054401190335764696
ck_2cfb9a7775e8a5bc,0.9817593814204357
ck_6846100e43659bf3,0.0029937040567527403
ck_f89719a854fe11d7,0.006038638352505561
ck_bf47375e41ca3bc0,0.0007083328667771619
ck_2770b0400a7bef08,0.04408520588593171
ck_2a09d142de1c77ff,0.012526853424403883
ck_857a1f5547b9ad68,0.0036873323019285934
ck_185f15b1523bbcf4,0.0024805317056779117
ck_ab2aed614ec1cdf8,0.00517890514542412
ck_a9e7f3b2d5dfd97b,0.006123275202264818
ck_0eeb3d9b3e697edb,0.008551309918360684
ck_fa5830d81bc8ddc1,0.0010429691356089819
ck_231ae0329ebc3220,0.0017467089237672225
ck_1587763dd54688c9,0.007446565685944986
ck_9f85fea4490c00cf,0.004193255127678092
ck_a2d709e7eb91e4af,0.01687523437412896
ck_43637d28c7216453,0.001530188534853546
ck_f3ab5dd853d38252,0.032647741342099704
ck_4a1f0172d3bf4fd3,0.007849871694302598
ck_517620ca16505af0,0.0028463570106934785
ck_9ae904fbef56065c,0.0010007062818502006
ck_d5ef1f6e34bb35b8,0.03533669928178092
ck_ff42557857ae3aeb,0.0016003241552442217
ck_ad9a18f58589faa7,0.003406899911434118
ck_df1a6edaa3e6b271,0.0031631500097822917
ck_99021fe7225b5a68,0.010702817596323702
ck_99e52c3c2530b69e,0.9887872672466347
ck_3a4811dc4a1a891d,0.0012870666170912795
ck_ba3a6be026c87079,0.005819698741174208
ck_da6d1e5cf6aba6fd,0.00528469907863595
ck_ddc7c1f3d45fe6e6,0.007541294155169907
ck_e1b1e7a7e4a15b3e,0.001634423220787161
ck_8288f7f226e08b89,0.0031495884430436057
ck_c4524993ec31dbe5,0.0009187426871511174
ck_8b19bb5b23b6741c,0.0030086275153381166
ck_d21b38231a8a9f4a,0.04438128596166214
ck_3f730318a9792292,0.010086188695260297
ck_a4db6e94a8f77f9d,0.02012727347149947
ck_a8cac8d480306839,0.0016138665757907498
ck_5472214011fbc2a7,0.0017821307503226782
ck_7356f47dbbbe7904,0.002492261011811399
ck_16801e628e883d78,0.005502327854516302
ck_0dc1e536231c4860,0.006915931545230264
ck_7cd0634a6e60af83,0.008372965992572059
ck_ef6f8e048ae1bd4b,0.005246282953762954
ck_82f3f744209888ac,0.015066642035351846
ck_f33188c232a03526,0.1200609566625209
ck_4a59f4e10bf45d7f,0.0019292639365264797
ck_d96c893721385e4e,0.0006748140074194091
ck_f65ab819373edb37,0.01802347816707439
ck_21cac21fc10b7768,0.003286511857644703
ck_139b54e6ccbdd7da,0.028349195403296168
ck_d6f5c8741697abb3,0.005878382962334083
ck_a28d9bb5590d458f,0.08763410485924439
ck_ed26d906883bea0a,0.0019500664777973166
ck_227602ad072b838b,0.0021768587523157746
ck_39d5f6c17c745ab1,0.0011394741860452661
ck_744eade757ba69b5,0.04382381825947214
ck_c1295d97cdf35ec2,0.008705204836509736
ck_69105f881da3c821,0.013162199784508227
ck_933789b55361d7c1,0.9055400232541256
ck_b667952253503174,0.007355842943420054
ck_7bf668e25abeeb05,0.0033816966803324675
ck_91742711dfdffd56,0.009071689468617146
ck_af32a0660090dd68,0.028343384532503856
ck_2122f201e65f76ee,0.0036011959718411706
ck_f48acb73a5d6af07,0.03188217046364243
ck_337c5684510cf432,0.037280225449925014
ck_f7bde7265053364d,0.008346284336166614
ck_c190c7b924edba75,0.04296647936212892
ck_044fa3b3a003f0b5,0.007625180997842906
ck_87eb43e3b9d96169,0.048867728405738005
ck_2d3d6c9364362017,0.0009591563343091074
ck_ac55dc6cbcdf8228,0.004470813606425413
ck_61d7b0568ec5d6cf,0.01013469708814536
ck_89c74feeaffa7d09,0.003973493593327579
ck_93776b0c113f41f0,0.022198314206082054
ck_15e0b679931f7a8d,0.008166629455191103
ck_77b56c49cfdb1d81,0.1095667338540657
ck_73188a826b5f499f,0.0019061756516875032
ck_4f463ef25325ddfa,0.28448339509893883
ck_863db2e394dc47d1,0.9859280749948945
ck_d52432ed597f3cc9,0.0025661388515451538
ck_04fb61e5739642f8,0.3258112431061847
ck_2e481d75d110c06d,0.0632530308804384
ck_3fa1a523d77cd619,0.008513406370265894
ck_466dc6274fecd708,0.003607879263048478
ck_e1790b3aa2241b10,0.9659068952588452
ck_84ad096a46e1a960,0.020408302945849693
ck_3be72c9c178fa00d,0.02333599330977722
ck_5a17c89219d1d9fe,0.0057890894596391036
ck_4f639f4ee6ce8d9e,0.033644702199523514
ck_f4ec4a935e51b4db,0.010589273066384675
ck_f04040a830f92bac,0.0017277216610952842
ck_3e4d02a04be2aaf8,0.007606921240076931
ck_4d1baef193cfb900,0.028927528841593487
ck_0fb3153d37626b75,0.0007096478497051215
ck_88ec57a11b11f702,0.9224065545809674
ck_dca9dc465f759db4,0.0019016148189496672
ck_64f5fba6af67e024,0.012777779252679474
ck_896096cb167254ef,0.03186267558660768
ck_7878679065876b98,0.010594436674633143
ck_fe8e5a6c880ceb4e,0.0015857214699322186
ck_a5e036327d3d1862,0.0010502742155701088
ck_310f73940fc4cf4f,0.006891493481070357
ck_46a8db16ad00b749,0.017458718693180608
ck_0d33977c3de8cfaf,0.9906114742863432
ck_c6fff412f531db0f,0.0006217565110100127
ck_bac6dadf428eaea9,0.03208842513505192
ck_1b96d9af0d7da2d5,0.007774317946491849
ck_fa8a4a9e77799fcc,0.0025019613458481037
ck_0bf48607a874b4d1,0.0014722441865099183
ck_eeb75f8a6439f65e,0.010888118956784635
ck_a209a5f7d172125e,0.00878980956327556
ck_8f346b72fb40bf14,0.005593756894893028
ck_bccbf9fef367f00f,0.0134981945208073
ck_2d1548f1ee405cc9,0.008681720452211498
ck_e8298ff2dc1e9d50,0.002228707963450988
ck_77c0fb524edb4a94,0.001981749738266057
ck_28ac4c5134cb8e77,0.013776140047397384
ck_db23a0e3e54be60c,0.6498724504597767
ck_a059d00cee5cee99,0.003621224263835616
ck_3e9e3bba8bd363af,0.0016681606366191909
ck_0428728df24cdab4,0.00232396114076263
ck_88cd35378075c84f,0.0013234121298848042
ck_0174d76398d9dc0f,0.007456571701200325
ck_3f1287e6c27de0dc,0.006525638403519473
ck_ff822700f3605e06,0.9989237832197017
ck_4563227b2038ae07,0.12814735969439295
ck_788e78065526ee19,0.006948470039054249
ck_8a16eb584093b12f,0.0025753494500782414
ck_cc276f71ab6c08fd,0.014345803763040746
ck_d61d97b21002f3e9,0.027746658055507533
ck_4b2e87d86a5e415c,0.017819765722936663
ck_3e6f35e4500d2f2a,0.0013716500146963055
ck_3acdb083e0d8ad61,0.0008407461499368772
ck_cd655202db489010,0.0016522818161704392
ck_829cbf5ccda481ae,0.004749418365069362
ck_f5882e6f98b8b4cd,0.0015350258496916686
ck_767947540b234add,0.007603448668051478
ck_a6e8e8f535b1f1d1,0.028524490926387647
ck_58412a2674fea506,0.010289487169952833
ck_fae7e518a585fa61,0.006574079607266296
ck_9c60ae6958d68dbd,0.1381896057567117
ck_328696b8f5e54ec6,0.04469522898842848
ck_7df3f8f4f1068d62,0.0026310636492782526
ck_cfadd21458230ef7,0.0030983291334352367
ck_7048bedd554c703b,0.0010790834387778697
ck_50422466f145bfd7,0.004289573559171202
ck_61e1f7168cd9ff25,0.026585976088153107
ck_733aff0f56f5b3c9,0.011740945054137298
ck_e14892e424180549,0.001626337671678839
ck_03f6664a96de7d0f,0.006947710421118346
ck_b7f4baa2cc82fe61,0.007034958668152888
ck_1e51199a075ca0fa,0.002933660486816688
ck_0e70516fa07cfb17,0.9566594242116746
ck_0f37c554a5057801,0.8148831422831064
ck_5576b725de38d106,0.0034149780208909534
ck_82f360df1e9f4eb8,0.015820209984560837
ck_395f3bd4aacd7ca6,0.016337786425679467
ck_5e8e857b63966609,0.18861260226107263
ck_93470896f0804b6b,0.955622612233371
ck_3be854e42e76569a,0.00408239763908331
ck_0567302c57a2417e,0.06688755666944915
ck_ee535461b5f05539,0.8802060629737907
ck_94a096c36162a153,0.005328526561649774
ck_dfc8f5c141fd7c63,0.006032297325969184
ck_98b34f2d704c1c2a,0.022152216696909838
ck_96dff7a09d45f116,0.01616864888987465
ck_79557434c129ba52,0.0025882008559390867
ck_4596624a7c01d501,0.00442587004250367
ck_04e89fbd739243fa,0.002867226931527659
ck_6149ffaf18872dc8,0.0017298209494868582
ck_cd78f0832a09bd8f,0.7675243386161282
ck_7e29c10d781c3b41,0.005340328893841363
ck_1f7ee7b23fc6f2f4,0.0025352075372123395
ck_c49b685d2b3ab89a,0.0017464573174288626
ck_84569a8fc50e73ac,0.0034264728425510474
ck_b92b11d205af91eb,0.0004978211205315722
ck_06280e6d6d2485b0,0.005538350539016376
ck_3c08546dd0c92863,0.012519898592313995
ck_99d3983f907828bf,0.0011597319125000115
ck_eccfd552aa652d3c,0.007535104963673081
ck_0cff8153881875ba,0.006953133772345933
ck_c1aebbeca6ab5ff9,0.005229011663077218
ck_538fdbbb3c2bcbbb,0.15533728941283867
ck_8c0210322733c718,0.0024550137828561734
ck_0b0c93039f987abc,0.0029124327743124427
ck_6d07d6d1bd227d37,0.06060003413408142
ck_9b6ee35e8cd0b11c,0.0017465608661003207
ck_d838491d3d4f5ecf,0.003088374737134108
ck_0593ae243a9ebee9,0.006367221571922467
ck_ef261fc09be8eb0b,0.006389561538483371
ck_d0935b571a4a3868,0.01836705732177571
ck_97d04a67a104af39,0.09426630406754652
ck_e25f70d0b7229420,0.0037773847561967688
ck_9b71274ff83de482,0.97053662642214
ck_6de2aa2bb60978d3,0.022912020384512195
ck_eda55c8fb47593d7,0.003954512269928296
ck_924e572517515f19,0.4001944728950734
ck_d6f27eacbad310f4,0.0042022406511462405
ck_8550f229b5eb03ab,0.0015078885049114514
ck_e3e95546a84d0ed8,0.015178249489781234
ck_3135c019696ee6af,0.9743127012401607
ck_41ba315d8fccb559,0.0032266147842188405
ck_72b86e4485da2d0f,0.9937659890171057
ck_daaa995f3c2f0e47,0.006094720077391734
ck_053746067839696b,0.020270677987346865
ck_a15fe7d0f4b65c33,0.8195817629996546
ck_15de11438732bb05,0.004119438024840412
ck_2c4d25acbe3fabd9,0.004853024596611807
ck_7f08078908599bd2,0.03675329530416626
ck_e794741742fb2619,0.0038347104204603604
ck_238e53b6dee8c301,0.0015306696780775196
ck_53a6a33060d5c8b8,0.0011575051319494514
ck_0e0919292ad33472,0.9292377534476882
ck_d86ccf148c06c8c8,0.0396854497358301
ck_c881f26c9bf9ae42,0.5305616616795618
ck_4b0947bf94e9d847,0.03608112823299321
ck_e10ff5c38bd18470,0.003589977276133928
ck_b60de9e97aad9e45,0.9152280250315273
ck_190bc849e5ff5401,0.006716949396171745
ck_e7be077aa0b2632c,0.0015338954890644111
ck_a51abde881ebeff3,0.01112713059249714
ck_2208392a9f6bd249,0.01365142651367297
ck_0259da8f109017e9,0.0011241535944244811
ck_05e01ab9c95449da,0.019256130838111597
ck_c82897ebffb6ae66,0.0035580520421289855
ck_b4a6bb4689cd7cfa,0.0132572385902296
ck_9e21ea33018ce538,0.005290946024343407
ck_caa348f0e65db062,0.9939733368256093
ck_a964e6b5d8415334,0.1483165830991121
ck_510bfbbee37ff436,0.03185877843891502
ck_9741a82faf5c7889,0.030363576608677823
ck_e7f61b4a39ba98ac,0.0016172574677214252
ck_069d158665a53909,0.0033550299426662517
ck_6426427efe3228af,0.012734640504560347
ck_ab4a8d02ec3c0fd7,0.0009472674710242206
ck_aefa0d8d933e0eca,0.012709764282168422
ck_232325ef6bce92f1,0.0030871743984315957
ck_14e58c3fb26a2b4d,0.016476446758461303
ck_06e73afdec26aecc,0.050361515206247084
ck_3168f4f2778d64e1,0.009781940234133715
ck_ff3998d6858daa21,0.0008176703309750578
ck_bccff46fb0868454,0.18193822753645078
ck_c7d444d90fa86d7c,0.36815990428871503
ck_f0bc3bdee6bfbb94,0.004836038506054269
ck_f7112818a6d81422,0.018191892794953857
ck_aca35dbcb835ad02,0.00645903776194383
ck_f637fabf0f60528f,0.0021791957003096866
ck_53d17ab97de1ac3e,0.002915152733037967
ck_c8c1bf16d9113493,0.010736238260927908
ck_e842fb0cf055a83b,0.023069131305038015
ck_93c0cb3dac4891fe,0.0036986755045312334
ck_0c1f088e17e46daf,0.02292493677450169
ck_8f4b384955bf57c9,0.004547805857248413
ck_09cd5c4df1e81ac2,0.17809089507238096
ck_1e832a5b2342554f,0.016262521686922708
ck_2cb763a881aee27f,0.0011164902907973013
ck_5875828b11406398,0.013098746302123524
ck_48e84b0cb0b90fa7,0.01337304587924174
ck_833688de8629c5c0,0.0014615442345130417
ck_117d78ccd5820f36,0.012257330462924704
ck_668ec61c4c39cae3,0.000576463035305093
ck_73a7794b659d7a34,0.0010175407658644317
ck_10f90d879209734f,0.004503327389153251
ck_d1d079913aa158bf,0.0029403713598910586
ck_01c631b38e8a9535,0.004880685731443795
ck_f6923088c17a04e2,0.07337970000743252
ck_b447badc9138987d,0.0015972106715483017
ck_8b772caed8f1541c,0.0012616819533819966
ck_5403c76fe68a08ba,0.32740464229192306
ck_3e6833574edf1736,0.016450683565689506
ck_e527fbb9450a4581,0.9416116354818502
ck_cc90e219f1ebf390,0.0014326236470411438
